query_group,search_text,page,returned_rows,total_matches,url,response_file,sha256,retrieved_utc
pigmentation,pigment,0,11,11,https://www.ebi.ac.uk/gwas/rest/api/v2/efo-traits?efo_trait=pigment&size=500&page=0&sort=efo_id&direction=asc,response-001.json,91653133bd3b61bb86791a4fa1ee6a259eeb4c395c509a116759deabee7afdf8,2026-10-03T20:55:35.162544+00:00
pigmentation,melanin,0,1,1,https://www.ebi.ac.uk/gwas/rest/api/v2/efo-traits?efo_trait=melanin&size=500&page=0&sort=efo_id&direction=asc,response-002.json,3961394d176f1406ab0eeee08739ec73347c2a3fd9aa1f61793062364e84ca5c,2026-10-03T20:55:36.897090+00:00
pigmentation,color,0,13,13,https://www.ebi.ac.uk/gwas/rest/api/v2/efo-traits?efo_trait=color&size=500&page=0&sort=efo_id&direction=asc,response-003.json,39c894d3260b8d6f195be1afe371e5a894902ae1258ac1d9c6b867e18d821e9e,2026-10-03T20:55:38.296155+00:00
pigmentation,colour,0,1,1,https://www.ebi.ac.uk/gwas/rest/api/v2/efo-traits?efo_trait=colour&size=500&page=0&sort=efo_id&direction=asc,response-004.json,2e4d8b45dc376d40fff975adf4988ba7f2b11f75978e2cf6b101c9f5ae61c455,2026-10-03T20:55:39.518617+00:00
pigmentation,iris,0,1,1,https://www.ebi.ac.uk/gwas/rest/api/v2/efo-traits?efo_trait=iris&size=500&page=0&sort=efo_id&direction=asc,response-005.json,fa8ea07baa6b3e3fc6a81361ae09279ddfa8615738db6f049fab8335d2cec2f6,2026-10-03T20:55:41.007590+00:00
pigmentation,freckl,0,1,1,https://www.ebi.ac.uk/gwas/rest/api/v2/efo-traits?efo_trait=freckl&size=500&page=0&sort=efo_id&direction=asc,response-006.json,97ba5275e51be1797905ec10f1f8b8a57f4ea3f161cab8945073bfc8f606e6ef,2026-10-03T20:55:42.464700+00:00
pigmentation,tanning,0,0,0,https://www.ebi.ac.uk/gwas/rest/api/v2/efo-traits?efo_trait=tanning&size=500&page=0&sort=efo_id&direction=asc,response-007.json,1d74abf5e6f3c02923f9dc9a7b6141a17ad6f9ed0ce47d728f8a6942d0f63782,2026-10-03T20:55:43.679763+00:00
pigmentation,suntan,0,1,1,https://www.ebi.ac.uk/gwas/rest/api/v2/efo-traits?efo_trait=suntan&size=500&page=0&sort=efo_id&direction=asc,response-008.json,d76ca76e17d84ea1d4244fa0cc23a178cc39ef8799e35a1eb79860d9955c82d6,2026-10-03T20:55:44.928639+00:00
pigmentation,sun,0,10,10,https://www.ebi.ac.uk/gwas/rest/api/v2/efo-traits?efo_trait=sun&size=500&page=0&sort=efo_id&direction=asc,response-009.json,d18f6c34c146b37bb7b5792306f10dbb2db8bc46ef1e2dc3a93cfbf452b6f60a,2026-10-03T20:55:46.198205+00:00
pigmentation,photosens,0,1,1,https://www.ebi.ac.uk/gwas/rest/api/v2/efo-traits?efo_trait=photosens&size=500&page=0&sort=efo_id&direction=asc,response-010.json,d36aecb353be3c2fbf0f0d19fb436b8ab5bcd984fab801668d054809f74238d9,2026-10-03T20:55:48.539188+00:00
pigmentation,skin reflectance,0,0,0,https://www.ebi.ac.uk/gwas/rest/api/v2/efo-traits?efo_trait=skin+reflectance&size=500&page=0&sort=efo_id&direction=asc,response-011.json,4a4a682107ce11e7fffb725cd9ed6f48c50a8ca73326295188131039903ef87f,2026-10-03T20:55:50.347580+00:00
pigmentation,skin tone,0,0,0,https://www.ebi.ac.uk/gwas/rest/api/v2/efo-traits?efo_trait=skin+tone&size=500&page=0&sort=efo_id&direction=asc,response-012.json,fef20ed62891db68d5397d83c55a2407b21ae18054de57efcf4d57de40b42af4,2026-10-03T20:55:51.537803+00:00
hair,hair,0,10,10,https://www.ebi.ac.uk/gwas/rest/api/v2/efo-traits?efo_trait=hair&size=500&page=0&sort=efo_id&direction=asc,response-013.json,7d7a304a5a087598be9447d53015c5066aa673019e5a504891bd11455066d804,2026-10-03T20:55:52.697952+00:00
hair,scalp,0,2,2,https://www.ebi.ac.uk/gwas/rest/api/v2/efo-traits?efo_trait=scalp&size=500&page=0&sort=efo_id&direction=asc,response-014.json,44a1effd0c742a294df98c6ebd6daa6361f59c6e627b19e7d8210fc108fae999,2026-10-03T20:55:53.892557+00:00
hair,brow,0,0,0,https://www.ebi.ac.uk/gwas/rest/api/v2/efo-traits?efo_trait=brow&size=500&page=0&sort=efo_id&direction=asc,response-015.json,68f61d46b3d7d6cd8c2bea845f91aafe2f7a8ac63f2b81743e37ab242f3ff93e,2026-10-03T20:55:55.051984+00:00
hair,beard,0,1,1,https://www.ebi.ac.uk/gwas/rest/api/v2/efo-traits?efo_trait=beard&size=500&page=0&sort=efo_id&direction=asc,response-016.json,1c5b6540838783575d883978e3d9170be5ef4e38c431a6a644eb40e78eff603d,2026-10-03T20:55:56.919913+00:00
hair,synophrys,0,1,1,https://www.ebi.ac.uk/gwas/rest/api/v2/efo-traits?efo_trait=synophrys&size=500&page=0&sort=efo_id&direction=asc,response-017.json,d4ccc1a752e9b9bc5c8ea9c8d7686ffa6db4ac701007d47d6030f0508cc5e4c9,2026-10-03T20:55:58.579421+00:00
hair,monobrow,0,0,0,https://www.ebi.ac.uk/gwas/rest/api/v2/efo-traits?efo_trait=monobrow&size=500&page=0&sort=efo_id&direction=asc,response-018.json,e9b889722b8ad556e92b7341b53e0de834e6cb38e0a76f9071b78763e2bcccce,2026-10-03T20:55:59.765267+00:00
hair,unibrow,0,0,0,https://www.ebi.ac.uk/gwas/rest/api/v2/efo-traits?efo_trait=unibrow&size=500&page=0&sort=efo_id&direction=asc,response-019.json,441753da840eab3122142e993a4c0b7ff9df7bf7af3b2edc71afbc8a00443f15,2026-10-03T20:56:01.033141+00:00
hair,curl,0,0,0,https://www.ebi.ac.uk/gwas/rest/api/v2/efo-traits?efo_trait=curl&size=500&page=0&sort=efo_id&direction=asc,response-020.json,30f1defd44f50f8e401f9e1788e904cf4339a2d20bca3d099bfeffe387fb281b,2026-10-03T20:56:02.220314+00:00
hair,frizz,0,23,23,https://www.ebi.ac.uk/gwas/rest/api/v2/efo-traits?efo_trait=frizz&size=500&page=0&sort=efo_id&direction=asc,response-021.json,25a8386539739f08c188d175bbbebed2d0cf5981fa78314585a59341433c5eff,2026-10-03T20:56:04.047713+00:00
hair,woolly,0,0,0,https://www.ebi.ac.uk/gwas/rest/api/v2/efo-traits?efo_trait=woolly&size=500&page=0&sort=efo_id&direction=asc,response-022.json,3f5e05894f272506575feaf35339dc1a64c6152ae942d9806a60286b1bc631bd,2026-10-03T20:56:05.317457+00:00
hair,hairiness,0,0,0,https://www.ebi.ac.uk/gwas/rest/api/v2/efo-traits?efo_trait=hairiness&size=500&page=0&sort=efo_id&direction=asc,response-023.json,d0ce90b40bbfe3ec41341a4758a4dbf1e9cc0daaba0c3da9fce90ae61c423bcb,2026-10-03T20:56:06.626530+00:00
hair,whorl,0,0,0,https://www.ebi.ac.uk/gwas/rest/api/v2/efo-traits?efo_trait=whorl&size=500&page=0&sort=efo_id&direction=asc,response-024.json,dc06efa6a96ade56a0de095079de2ceba4a8131b53e87b308b44f147acb5cd0d,2026-10-03T20:56:07.872324+00:00
hair,widow,0,1,1,https://www.ebi.ac.uk/gwas/rest/api/v2/efo-traits?efo_trait=widow&size=500&page=0&sort=efo_id&direction=asc,response-025.json,d1c75cd33caf2d7ee2db7bda04634e8ed0ceb8ac87a211d5eb94f8051ede0297,2026-10-03T20:56:09.202944+00:00
hair,eyelash,0,0,0,https://www.ebi.ac.uk/gwas/rest/api/v2/efo-traits?efo_trait=eyelash&size=500&page=0&sort=efo_id&direction=asc,response-026.json,f067957f7a7480449b7d2efbefa5e2492b19b74a604875f95bc622b38ded3738,2026-10-03T20:56:10.450592+00:00
hair,alopecia,0,7,7,https://www.ebi.ac.uk/gwas/rest/api/v2/efo-traits?efo_trait=alopecia&size=500&page=0&sort=efo_id&direction=asc,response-027.json,22c48514cabcfdf92514695b25620b376f3991ccd3d4740b7ff1debfadebc9b7,2026-10-03T20:56:11.676914+00:00
hair,baldness,0,0,0,https://www.ebi.ac.uk/gwas/rest/api/v2/efo-traits?efo_trait=baldness&size=500&page=0&sort=efo_id&direction=asc,response-028.json,7962966f9450c3e657f10dedd2225960613a078b65db2ca014ba4822146ddeef,2026-10-03T20:56:13.400156+00:00
hair,hypertrichosis,0,1,1,https://www.ebi.ac.uk/gwas/rest/api/v2/efo-traits?efo_trait=hypertrichosis&size=500&page=0&sort=efo_id&direction=asc,response-029.json,6375bbebf62d23d9aee129d9dbf3f40631a23c0f341c903396e17cccb1bd6e1d,2026-10-03T20:56:14.708469+00:00
hair,hirsutism,0,1,1,https://www.ebi.ac.uk/gwas/rest/api/v2/efo-traits?efo_trait=hirsutism&size=500&page=0&sort=efo_id&direction=asc,response-030.json,4752054caf4d0497f6b94461bf9455f5b16bc8adfc9f81b717992e1f738a78ee,2026-10-03T20:56:15.876611+00:00
