group,text
pigmentation,pigment
pigmentation,melanin
pigmentation,color
pigmentation,colour
pigmentation,iris
pigmentation,freckl
pigmentation,tanning
pigmentation,suntan
pigmentation,sun
pigmentation,photosens
pigmentation,skin reflectance
pigmentation,skin tone
hair,hair
hair,scalp
hair,brow
hair,beard
hair,synophrys
hair,monobrow
hair,unibrow
hair,curl
hair,frizz
hair,woolly
hair,hairiness
hair,whorl
hair,widow
hair,eyelash
hair,alopecia
hair,baldness
hair,hypertrichosis
hair,hirsutism
