trait_group,gene_symbol,euler_region,omim_cited_ids,gwas_pubmed_ids
pigmentation,ABCB6,OMIM only,615402,
pigmentation,ABCC9,OMIM only,239850,
pigmentation,ACD,OMIM only,616553,
pigmentation,ACSF3,GWAS only,,30595370; 34737426; 34737440
pigmentation,ADAM10,OMIM only,615537,
pigmentation,ADAMTS12,GWAS only,,30595370; 34737426; 36672889
pigmentation,ADAR,OMIM only,127400; 615010,
pigmentation,ADD3,GWAS only,,30595370; 32341527
pigmentation,ADGRV1,GWAS only,,30531825; 30595370; 32341527
pigmentation,AFG3L1P,GWAS only,,26184321; 29739929; 30531825; 34737426
pigmentation,AHNAK,GWAS only,,30531825; 30595370; 32341527
pigmentation,AKAP1,GWAS only,,29895819; 30531825; 30595370
pigmentation,AKAP12,GWAS only,,30531825; 30595370; 32341527
pigmentation,ALX4,GWAS only,,30531825; 30595370
pigmentation,AMACR,GWAS only,,30531825; 36672889
pigmentation,ANKRD11,GWAS only,,29739929; 30595370; 34737426; 34737440; 36536295; 36672889
pigmentation,AP3B1,OMIM only,608233,
pigmentation,AP3D1,OMIM only,617050,
pigmentation,APBA2,GWAS only,,30595370; 31315583; 34737426; 36672889
pigmentation,APC2,OMIM only,617169,
pigmentation,AREG,GWAS only,,30531825; 30595370
pigmentation,ARHGAP24,GWAS only,,30531825; 30595370
pigmentation,ARID1B,GWAS only,,30595370; 30895295
pigmentation,ASIP,GWAS only,,18488028; 23548203; 30595370
pigmentation,ATM,OMIM only,208900,
pigmentation,ATP10A,GWAS only,,30595370; 32341527
pigmentation,ATP11A,GWAS only,,29739929; 30595370; 36536295
pigmentation,ATP1B3,GWAS only,,30531825; 30595370
pigmentation,ATP2B1-AS1,GWAS only,,30595370; 34737426
pigmentation,ATP5MGP4,GWAS only,,30531825; 30595370
pigmentation,ATP7A,OMIM only,309400,
pigmentation,ATP7B,OMIM only,277900,
pigmentation,ATXN7L1,GWAS only,,30531825; 30595370
pigmentation,AURKBP1,GWAS only,,30531825; 30595370
pigmentation,AXIN2,GWAS only,,30531825; 30595370
pigmentation,BANP,GWAS only,,34737426; 36672889
pigmentation,BCAS1,GWAS only,,29662168; 30531825; 30595370
pigmentation,BLM,OMIM only,210900,
pigmentation,BLOC1S3,OMIM only,614077,
pigmentation,BLOC1S5,OMIM only,619172,
pigmentation,BLOC1S6,OMIM only,614171,
pigmentation,BMP7,GWAS only,,29109912; 30531825; 30595370
pigmentation,BNC1,GWAS only,,30531825; 30595370
pigmentation,BNC2,GWAS only,,20585627; 25705849; 29662168; 29739929; 29895819; 30531825; 30595370; 32835660; 34648798; 36536295; 36672889
pigmentation,BPIFA2,GWAS only,,29739929; 30595370
pigmentation,BRAF,OMIM only,613707,
pigmentation,BRCA2,OMIM only,605724,
pigmentation,BRD10,GWAS only,,30531825; 30595370; 34737426
pigmentation,BRIP1,OMIM only,609054,
pigmentation,BTC,GWAS only,,30531825; 30595370
pigmentation,C5orf67,GWAS only,,30531825; 30595370; 32341527
pigmentation,CA5A,GWAS only,,30595370; 34737426
pigmentation,CBFA2T3,GWAS only,,30531825; 30595370; 34737426; 34737440
pigmentation,CBS,OMIM only,236200,
pigmentation,CCND2-AS1,GWAS only,,30531825; 30595370
pigmentation,CDC42BPA,GWAS only,,30531825; 30595370
pigmentation,CDH3,OMIM only,601553,
pigmentation,CDK10,GWAS only,,18483556; 30531825; 34737426; 36672889
pigmentation,CDK14,GWAS only,,30531825; 30595370
pigmentation,CDKAL1,GWAS only,,30531825; 30595370
pigmentation,CDKN2A,OMIM only,155601; 155755; 606719,
pigmentation,CDKN2B-AS1,GWAS only,,30595370; 32341527; 32835660
pigmentation,CFAP299,GWAS only,,30531825; 30595370
pigmentation,CHL1,GWAS only,,30531825; 30595370
pigmentation,CHMP1A,GWAS only,,29739929; 30531825; 30595370; 34737426; 34737440; 36672889
pigmentation,CIROZ,GWAS only,,30531825; 30595370
pigmentation,CLIC5,GWAS only,,30531825; 30595370
pigmentation,CNTN4,GWAS only,,35313536; 36672889
pigmentation,CPNE7,GWAS only,,19340012; 29739929; 34737426; 36672889
pigmentation,CPSF2,GWAS only,,30531825; 30595370; 34737426
pigmentation,CREB5,GWAS only,,30531825; 30595370
pigmentation,CTNS,OMIM only,219800,
pigmentation,CYCSP30,GWAS only,,30595370; 30895295
pigmentation,CYP11A1,OMIM only,613743,
pigmentation,CYP1B1,GWAS only,,29739929; 30595370
pigmentation,DBNDD1,GWAS only,,19340012; 29739929; 30531825; 34737426; 34737440
pigmentation,DCT,GWAS only,,29662168; 29739929; 30531825; 30595370
pigmentation,DDB2,OMIM only,278740,
pigmentation,DDHD1-DT,GWAS only,,30531825; 30595370
pigmentation,DDIT4-AS1,GWAS only,,30531825; 30595370
pigmentation,DDX3X,OMIM only,300958,
pigmentation,DEF8,GWAS only,,26184321; 29739929; 30531825; 30595370; 34737426; 34737440; 36536295; 36672889
pigmentation,DISC1FP1,GWAS only,,29739929; 30595370; 30895295
pigmentation,DKC1,OMIM only,305000,
pigmentation,DLGAP4,GWAS only,,29739929; 30595370
pigmentation,DNAI3,GWAS only,,30531825; 30595370
pigmentation,DNAJB4,GWAS only,,30595370; 32341527
pigmentation,DOCK8-AS1,GWAS only,,30531825; 30595370; 32341527
pigmentation,DPEP1,GWAS only,,19340012; 30595370; 34737426; 36672889
pigmentation,DSTYK,Shared,270750,29662168; 30531825; 30595370; 30664655; 32341527
pigmentation,DTNBP1,OMIM only,614076,
pigmentation,DUSP22,GWAS only,,29739929; 30531825; 30595370; 36672889
pigmentation,DUT,GWAS only,,30895295; 42586059
pigmentation,EDN3,Shared,613265,30531825; 30595370
pigmentation,EDNRB,OMIM only,277580; 600155; 600501,
pigmentation,EDNRB-AS1,GWAS only,,23548203; 29662168; 30531825; 30595370
pigmentation,EGR3-AS1,GWAS only,,30531825; 30595370
pigmentation,EIF6,GWAS only,,20585627; 30595370
pigmentation,ENPP1,OMIM only,615522,
pigmentation,ENTREP2,GWAS only,,30595370; 31315583
pigmentation,EPG5,OMIM only,242840,
pigmentation,EPHA4,GWAS only,,29662168; 30531825; 30595370
pigmentation,ERCC2,OMIM only,278730,
pigmentation,ERCC3,OMIM only,610651,
pigmentation,ERCC4,OMIM only,278760,
pigmentation,ERCC5,OMIM only,278780,
pigmentation,ERCC6,OMIM only,600630,
pigmentation,ERRFI1-DT,GWAS only,,29662168; 30531825; 30595370
pigmentation,ESCO2,OMIM only,268300,
pigmentation,ETV1,GWAS only,,30531825; 30595370
pigmentation,EXOC2,GWAS only,,17952075; 18483556; 19340012; 26184321; 29739929; 30531825; 30595370; 34737426; 34737440; 36672889
pigmentation,EXOC7P1,GWAS only,,30531825; 30595370
pigmentation,EYS,GWAS only,,29109912; 38728357
pigmentation,EZR,GWAS only,,29662168; 30531825; 30595370
pigmentation,FAM13A,GWAS only,,26926045; 30595370
pigmentation,FANCA,Shared,227650,20585627; 25963972; 29739929; 30166351; 30531825; 30595370; 34737426; 34737440; 36672889
pigmentation,FANCC,OMIM only,227645,
pigmentation,FANCD2,OMIM only,227646,
pigmentation,FANCE,OMIM only,600901,
pigmentation,FANCI,OMIM only,609053,
pigmentation,FBN1,GWAS only,,30895295; 42586059
pigmentation,FGF5,GWAS only,,30531825; 30595370
pigmentation,FGFR3,OMIM only,612247,
pigmentation,FIG4,OMIM only,611228,
pigmentation,FLNA,OMIM only,300244,
pigmentation,FMN2,GWAS only,,30531825; 30595370
pigmentation,FMR1,OMIM only,300624,
pigmentation,FOSL2-AS1,GWAS only,,30531825; 30595370
pigmentation,FRAS1,Shared,219000,30531825; 30595370
pigmentation,FREM2,Shared,617666,30531825; 30595370
pigmentation,FTO,GWAS only,,30531825; 30595370; 32341527
pigmentation,FZD1,GWAS only,,30531825; 30595370
pigmentation,FZD7,GWAS only,,30531825; 30595370
pigmentation,GAB2,GWAS only,,29662168; 30531825; 30595370
pigmentation,GABRG3,GWAS only,,30531825; 30595370; 31315583; 34737426
pigmentation,GALNS,GWAS only,,30595370; 34737426
pigmentation,GAPDHP70,GWAS only,,29739929; 30595370
pigmentation,GIPC2,GWAS only,,30595370; 32341527; 36672889
pigmentation,GMDS,GWAS only,,30595370; 30895295
pigmentation,GNAS,OMIM only,174800,
pigmentation,GOLGA6L7,GWAS only,,31315583; 36672889
pigmentation,GPNMB,OMIM only,617920,
pigmentation,GPR143,OMIM only,300500,
pigmentation,GRIP1,OMIM only,617667,
pigmentation,GRM5,GWAS only,,19340012; 26926045; 29739929; 30531825; 30595370; 30664655; 31315583; 36672889
pigmentation,GRM5-AS1,GWAS only,,29739929; 30595370
pigmentation,HDAC4,GWAS only,,30531825; 30595370
pigmentation,HDAC9,GWAS only,,30595370; 30895295
pigmentation,HERC2,Shared,227220; 615516,17952075; 18252221; 18483556; 20463881; 20585627; 23118974; 23548203; 25963972; 26184321; 26926045; 29662168; 29739929; 30166351; 30531825; 30595370; 30664655; 30895295; 31315583; 32341527; 33692100; 34265127; 34737426; 34737440; 36672889; 38728357
pigmentation,HGD,OMIM only,203500,
pigmentation,HOXC13,OMIM only,614931,
pigmentation,HPS1,OMIM only,203300,
pigmentation,HPS3,OMIM only,614072,
pigmentation,HPS4,OMIM only,614073,
pigmentation,HPS5,OMIM only,614074,
pigmentation,HPS6,OMIM only,614075,
pigmentation,HRAS,OMIM only,137550; 218040,
pigmentation,HSPA8P5,GWAS only,,30531825; 30595370
pigmentation,IDS,OMIM only,309900,
pigmentation,IDUA,OMIM only,607014,
pigmentation,IFNG,OMIM only,613254,
pigmentation,IKBKG,OMIM only,308300,
pigmentation,IL16,GWAS only,,30531825; 30595370
pigmentation,INHBA,GWAS only,,30595370; 30895295
pigmentation,IRF4,Shared,611724; 621097,17952075; 18483556; 19340012; 20585627; 23548203; 25705849; 26184321; 26926045; 29662168; 29739929; 30166351; 30531825; 30595370; 30664655; 33692100; 34737426; 34737440; 36536295; 36672889
pigmentation,JAZF1,GWAS only,,30531825; 30595370; 33692100
pigmentation,KCNH1,GWAS only,,30531825; 30595370
pigmentation,KIAA0930,GWAS only,,29739929; 30531825; 30595370; 32341527
pigmentation,KIT,OMIM only,154800; 172800,
pigmentation,KITLG,Shared,145250; 611664; 616697; 619947,30531825; 30595370
pigmentation,KRT14,OMIM only,125595; 161000,
pigmentation,KRT31,GWAS only,,30531825; 30595370
pigmentation,KRT5,OMIM only,131960; 179850,
pigmentation,KRT86,GWAS only,,30531825; 34737426
pigmentation,KRT87P,GWAS only,,30531825; 34737426
pigmentation,LEF1,GWAS only,,30531825; 30595370; 34737426
pigmentation,LGR4,GWAS only,,30531825; 30595370
pigmentation,LHX2,GWAS only,,29662168; 30531825; 30595370
pigmentation,LINC-PINT,GWAS only,,30531825; 30595370; 32341527
pigmentation,LINC00158,GWAS only,,30531825; 30595370
pigmentation,LINC01117,GWAS only,,30531825; 30595370
pigmentation,LINC01381,GWAS only,,30531825; 30595370
pigmentation,LINC01411,GWAS only,,30531825; 30595370
pigmentation,LINC01449,GWAS only,,30595370; 30895295
pigmentation,LINC01491,GWAS only,,30895295; 32341527; 33600456; 42586059
pigmentation,LINC01505,GWAS only,,30531825; 30595370; 32341527
pigmentation,LINC01622,GWAS only,,30595370; 34737426
pigmentation,LINC01679,GWAS only,,30531825; 30595370; 33692100
pigmentation,LINC01877,GWAS only,,32835660; 42586059
pigmentation,LINC01937,GWAS only,,30531825; 30595370
pigmentation,LINC01940,GWAS only,,30531825; 30595370
pigmentation,LINC01953,GWAS only,,30595370; 32341527; 35313536
pigmentation,LINC01956,GWAS only,,30531825; 30595370
pigmentation,LINC02101,GWAS only,,30531825; 30595370
pigmentation,LINC02105,GWAS only,,30531825; 30595370
pigmentation,LINC02120,GWAS only,,36672889; 42586059
pigmentation,LINC02138,GWAS only,,29739929; 34737440
pigmentation,LINC02182,GWAS only,,30595370; 30895295; 34737426
pigmentation,LINC02225,GWAS only,,30595370; 42586059
pigmentation,LINC02235,GWAS only,,30531825; 30595370
pigmentation,LINC02458,GWAS only,,17952075; 23548203; 26184321; 29662168; 29739929; 30531825; 30595370; 34648798; 34737440
pigmentation,LINC02674,GWAS only,,29739929; 29895819; 30595370; 30664655; 32835660; 36536295
pigmentation,LINC02728,GWAS only,,29662168; 30595370
pigmentation,LINC02751,GWAS only,,30531825; 30595370; 33692100
pigmentation,LINC02756,GWAS only,,30595370; 32341527
pigmentation,LINC02917,GWAS only,,30531825; 30595370
pigmentation,LINC02932,GWAS only,,30531825; 30595370
pigmentation,LINC03066,GWAS only,,29739929; 30595370
pigmentation,LNCBRM,GWAS only,,30595370; 42586059
pigmentation,LRMDA,OMIM only,615179,
pigmentation,LURAP1L-AS1,GWAS only,,18488028; 22556244; 23548203; 29662168; 29739929; 30166351; 30531825; 30595370; 30664655; 32341527; 33692100; 36672889
pigmentation,LYST,OMIM only,214500,
pigmentation,LYZL1,GWAS only,,30595370; 30895295
pigmentation,MAP2K1,OMIM only,615279,
pigmentation,MAP3K1,GWAS only,,30531825; 30595370; 32341527
pigmentation,MARK3,GWAS only,,30531825; 30595370; 32341527
pigmentation,MC1R,Shared,203200; 266300,17952075; 23548203; 29662168; 30166351; 30531825; 30595370; 30664655; 32835660; 34737426; 34737440; 36536295; 36672889
pigmentation,MC2R,OMIM only,202200,
pigmentation,MCM4,OMIM only,609981,
pigmentation,MED13L,GWAS only,,30531825; 32341527
pigmentation,MEN1,OMIM only,131100,
pigmentation,MFSD12,GWAS only,,30664655; 31315583; 32835660; 42586059
pigmentation,MFSD12-AS1,GWAS only,,30664655; 32835660; 42586059
pigmentation,MIR155HG,GWAS only,,30531825; 30595370
pigmentation,MIR4268,GWAS only,,29662168; 30531825; 30595370
pigmentation,MIR663AHG,GWAS only,,30595370; 32341527
pigmentation,MITF,Shared,103500; 193510; 608890,30531825; 30595370
pigmentation,MLANA,GWAS only,,30595370; 34737426
pigmentation,MLH1,OMIM only,276300,
pigmentation,MLPH,OMIM only,609227,
pigmentation,MRAP,OMIM only,607398,
pigmentation,MRAS,GWAS only,,30531825; 30595370
pigmentation,MRPL45P1,GWAS only,,30531825; 30595370
pigmentation,MSH2,OMIM only,619096,
pigmentation,MSH6,OMIM only,619097,
pigmentation,MSI2,GWAS only,,29895819; 30531825; 30595370
pigmentation,MSX2,GWAS only,,30531825; 30595370
pigmentation,MTCO1P57,GWAS only,,29109912; 30895295
pigmentation,MTCO3P41,GWAS only,,29109912; 30895295
pigmentation,MTERF1,GWAS only,,30531825; 30595370
pigmentation,MYADML2,GWAS only,,30531825; 30595370
pigmentation,MYEF2,GWAS only,,29195075; 30595370
pigmentation,MYH7B,GWAS only,,29739929; 30595370
pigmentation,MYH8,OMIM only,608837,
pigmentation,MYO1B-AS1,GWAS only,,30531825; 30595370
pigmentation,MYO5A,OMIM only,214450,
pigmentation,Metazoa_SRP,GWAS only,,30595370; 30895295; 32341527
pigmentation,NBN,OMIM only,251260,
pigmentation,NCOA6,GWAS only,,29739929; 36672889
pigmentation,NEK6,GWAS only,,29662168; 30531825; 30595370
pigmentation,NF1,OMIM only,162200; 193520,
pigmentation,NFIA,GWAS only,,30531825; 30595370
pigmentation,NFIX,OMIM only,602535; 614753,
pigmentation,NHP2,OMIM only,613987,
pigmentation,NIPAL3,GWAS only,,30595370; 32341527
pigmentation,NNT,OMIM only,614736,
pigmentation,NOP10,OMIM only,224230,
pigmentation,NOX4,GWAS only,,29739929; 30595370; 36672889
pigmentation,NPLOC4,GWAS only,,20463881; 30166351; 30531825; 30595370; 33692100; 38728357
pigmentation,NR0B1,OMIM only,300200,
pigmentation,NRAS,OMIM only,137550,
pigmentation,NSD1,OMIM only,117550,
pigmentation,NYAP2,GWAS only,,30595370; 30895295
pigmentation,OBI1-AS1,GWAS only,,30595370; 34737440
pigmentation,OCA2,Shared,203200; 227220,18483556; 23548203; 26184321; 29109912; 29739929; 30166351; 30531825; 30595370; 30664655; 31315583; 33600456; 33692100; 34265127; 34570997; 34648798; 34737426; 34737440; 36536295; 36672889; 40010489; 42586059
pigmentation,OVOL1,GWAS only,,30531825; 30595370
pigmentation,PABPN1L,GWAS only,,34737426; 34737440
pigmentation,PADI3,Shared,191480,30531825; 30595370; 34737426
pigmentation,PAH,OMIM only,261600,
pigmentation,PALB2,OMIM only,610832,
pigmentation,PARN,OMIM only,616353,
pigmentation,PAX3,Shared,148820; 193500,30531825; 30595370
pigmentation,PCNT,OMIM only,210720,
pigmentation,PCNX1,GWAS only,,26926045; 30595370
pigmentation,PDCD6IPP2,GWAS only,,18483556; 30595370
pigmentation,PDE4B,GWAS only,,29739929; 30595370
pigmentation,PDE4D,GWAS only,,30595370; 33692100
pigmentation,PEBP4,GWAS only,,30531825; 30595370
pigmentation,PEX14,GWAS only,,30531825; 30595370
pigmentation,PIEZO1,GWAS only,,30595370; 34737426
pigmentation,PIGPP3,GWAS only,,30595370; 38728357
pigmentation,PIGU,GWAS only,,29739929; 30531825; 32341527
pigmentation,PKHD1,GWAS only,,30531825; 30595370
pigmentation,PLXNB2,GWAS only,,30531825; 30595370; 32341527
pigmentation,PMS2,OMIM only,619101,
pigmentation,POFUT1,OMIM only,615327,
pigmentation,POGLUT1,OMIM only,615696,
pigmentation,POLA1,OMIM only,301220,
pigmentation,POLH,OMIM only,278750,
pigmentation,POMC,Shared,609734,30531825; 30595370
pigmentation,PPARGC1B,GWAS only,,19340012; 29739929; 29895819; 30595370; 32835660; 36035146; 36536295
pigmentation,PPFIBP2,GWAS only,,29662168; 30531825; 30595370; 32341527
pigmentation,PPM1A,GWAS only,,29662168; 30531825; 30595370
pigmentation,PRDM7,GWAS only,,29739929; 30595370; 34737426; 34737440
pigmentation,PRELID1P5,GWAS only,,30531825; 30595370
pigmentation,PRKAR1A,OMIM only,160980,
pigmentation,PSENEN,OMIM only,613736,
pigmentation,PTCH1,GWAS only,,30595370; 30895295
pigmentation,PTEN,OMIM only,158350,
pigmentation,PTPN11,OMIM only,151100,
pigmentation,PTPN14,GWAS only,,30595370; 32341527
pigmentation,RAB11FIP2,GWAS only,,29739929; 29895819; 30595370; 30664655; 32835660; 36536295
pigmentation,RAB27A,OMIM only,607624,
pigmentation,RAD51B,GWAS only,,30531825; 30595370
pigmentation,RAF1,OMIM only,611553; 611554,
pigmentation,RALY,GWAS only,,25705849; 25963972; 29662168; 29739929; 30531825; 30595370; 36536295
pigmentation,RASA3,GWAS only,,30595370; 32341527
pigmentation,RECQL4,OMIM only,268400,
pigmentation,RIT1,OMIM only,615355,
pigmentation,RN7SL720P,GWAS only,,25705849; 29662168; 29739929; 30531825; 30595370; 36536295; 36672889
pigmentation,RNF166,GWAS only,,29739929; 30595370; 34737440
pigmentation,RNF5P1,GWAS only,,30531825; 30595370
pigmentation,RNU1-117P,GWAS only,,17952075; 23548203; 26184321; 29662168; 29739929; 30531825; 30595370; 34648798; 34737440
pigmentation,RNU4-64P,GWAS only,,30895295; 35313536
pigmentation,RNU6-1313P,GWAS only,,30531825; 30595370
pigmentation,RNU6-211P,GWAS only,,30531825; 30595370
pigmentation,RNU6-366P,GWAS only,,17952075; 18483556; 20585627; 23548203; 29662168; 29739929; 30166351; 30531825; 30595370; 33692100; 34737426; 34737440; 38728357
pigmentation,RNU6-440P,GWAS only,,30531825; 30595370
pigmentation,RNU6-921P,GWAS only,,30531825; 30595370; 32341527
pigmentation,RNU6-929P,GWAS only,,29109912; 30531825; 30595370
pigmentation,RNU7-197P,GWAS only,,30531825; 30595370
pigmentation,RPL13,GWAS only,,30166351; 34737440; 36672889
pigmentation,RPL18AP17,GWAS only,,30895295; 38728357
pigmentation,RPL23AP68,GWAS only,,30595370; 30895295
pigmentation,RPL3,GWAS only,,30531825; 30595370
pigmentation,RPL34-DT,GWAS only,,30531825; 30595370
pigmentation,RPL6P14,GWAS only,,30531825; 30595370
pigmentation,RPL7AP79,GWAS only,,30531825; 30595370
pigmentation,RPS2P1,GWAS only,,18488028; 23548203; 30595370
pigmentation,RSPO2,GWAS only,,30531825; 30595370
pigmentation,RTEL1,OMIM only,615190,
pigmentation,SAMD9,OMIM only,617053,
pigmentation,SAMHD1,GWAS only,,29739929; 30595370
pigmentation,SAMMSON,GWAS only,,32341527; 34737426
pigmentation,SCARB1,GWAS only,,30595370; 34648798
pigmentation,SEMA6D,GWAS only,,26926045; 30895295; 36672889
pigmentation,SGIP1,GWAS only,,29739929; 30595370
pigmentation,SGK1,GWAS only,,30531825; 30595370
pigmentation,SGPL1,OMIM only,617575,
pigmentation,SH3GL3,GWAS only,,30531825; 30595370
pigmentation,SHC4,GWAS only,,30595370; 30895295
pigmentation,SHOC2,OMIM only,607721,
pigmentation,SIK1,GWAS only,,30531825; 30595370; 33692100
pigmentation,SLA2,GWAS only,,29739929; 30595370
pigmentation,SLC12A1,GWAS only,,30895295; 42586059
pigmentation,SLC12A9,GWAS only,,30531825; 30595370; 33692100; 34737426
pigmentation,SLC17A5,OMIM only,269920,
pigmentation,SLC24A4,GWAS only,,17952075; 18483556; 20585627; 23548203; 26184321; 29662168; 29739929; 30166351; 30531825; 30595370; 32341527; 33692100; 34737426; 34737440; 38728357
pigmentation,SLC24A5,Shared,113750,26926045; 29195075; 30595370; 30664655; 30895295; 31315583; 32341527; 33600456; 33692100; 34570997; 34737426; 42586059
pigmentation,SLC29A3,OMIM only,602782,
pigmentation,SLC38A2,GWAS only,,30531825; 30595370
pigmentation,SLC45A2,Shared,227240; 606574,18483556; 19340012; 20585627; 25963972; 26184321; 26926045; 29662168; 29739929; 30166351; 30531825; 30595370; 30664655; 31315583; 32341527; 33600456; 33692100; 34737426; 34737440; 36536295; 36672889; 38728357
pigmentation,SLC49A4,GWAS only,,30531825; 30595370
pigmentation,SLC6A17,GWAS only,,30595370; 36536295
pigmentation,SMARCAL1,OMIM only,242900,
pigmentation,SMIM38,GWAS only,,29739929; 34737440
pigmentation,SMO,OMIM only,601707,
pigmentation,SNX16,GWAS only,,30531825; 30595370
pigmentation,SORBS2,GWAS only,,30895295; 35313536
pigmentation,SOX10,OMIM only,609136; 611584; 613266,
pigmentation,SOX5,GWAS only,,30595370; 33692100
pigmentation,SOX6,GWAS only,,30531825; 30595370; 34737426
pigmentation,SP2-AS1,GWAS only,,29662168; 30531825; 30595370
pigmentation,SP6,GWAS only,,29662168; 30531825; 30595370
pigmentation,SPAG16-DT,GWAS only,,30595370; 32341527; 35313536
pigmentation,SPATA2L,GWAS only,,30531825; 34737426; 36672889
pigmentation,SPATA33,GWAS only,,25705849; 30166351; 30531825; 34737426; 34737440
pigmentation,SPG7,GWAS only,,30166351; 32341527; 34737426; 34737440; 36672889
pigmentation,SPIRE2,GWAS only,,29739929; 30531825; 30595370; 34737426; 36536295; 36672889
pigmentation,SPRED1,OMIM only,611431,
pigmentation,SRC,GWAS only,,29739929; 30595370
pigmentation,ST3GAL5,OMIM only,609056,
pigmentation,STAR,OMIM only,201710,
pigmentation,STK11,OMIM only,175200,
pigmentation,SYNE2,GWAS only,,30531825; 30595370; 32341527
pigmentation,TAC4-AS1,GWAS only,,30531825; 30595370
pigmentation,TACC1,GWAS only,,30531825; 30595370
pigmentation,TBCD,GWAS only,,30531825; 30595370
pigmentation,TCF25,GWAS only,,30531825; 34737426; 36536295
pigmentation,TERC,OMIM only,127550,
pigmentation,TERT,OMIM only,613989,
pigmentation,TESHL,GWAS only,,30595370; 36672889
pigmentation,TGDS,GWAS only,,29662168; 29739929; 30531825; 30595370
pigmentation,THNSL2,GWAS only,,30531825; 30595370
pigmentation,TINF2,OMIM only,613990,
pigmentation,TIPARP-AS1,GWAS only,,30595370; 36536295
pigmentation,TMCC2,GWAS only,,29662168; 30531825; 38728357
pigmentation,TMEM163,GWAS only,,30531825; 30595370; 32341527
pigmentation,TMEM258,GWAS only,,30531825; 30595370
pigmentation,TMTC3,GWAS only,,30531825; 30595370; 30895295
pigmentation,TP63,Shared,103285,30595370; 30895295
pigmentation,TPCN2,Shared,612267,18488028; 20585627; 26184321; 29662168; 29739929; 30531825; 30595370; 32341527; 34737426; 34737440; 38728357
pigmentation,TPM3P2,GWAS only,,30595370; 38728357
pigmentation,TPRG1,GWAS only,,26926045; 30595370; 30895295
pigmentation,TRPC4AP,GWAS only,,29739929; 30595370
pigmentation,TRPS1,GWAS only,,29739929; 30595370; 36536295
pigmentation,TSC1,OMIM only,191100,
pigmentation,TSC2,OMIM only,613254,
pigmentation,TSPAN10,GWAS only,,30166351; 30531825; 30595370; 33692100
pigmentation,TUBB3,GWAS only,,30531825; 30595370; 34737426; 36536295
pigmentation,TUBB4BP4,GWAS only,,30595370; 32341527
pigmentation,TWIST2,GWAS only,,30531825; 30595370
pigmentation,TYR,Shared,203100; 601800; 606952,17952075; 19340012; 20585627; 23548203; 29662168; 29739929; 30531825; 30595370; 30664655; 31315583; 32341527; 33692100; 36536295; 36672889
pigmentation,TYRP1,Shared,203290,32341527; 36672889
pigmentation,U6,GWAS only,,29739929; 30895295
pigmentation,USP9X,OMIM only,300968,
pigmentation,UVSSA,OMIM only,614640,
pigmentation,VGLL4,GWAS only,,30531825; 30595370
pigmentation,VPS9D1,GWAS only,,29739929; 34737426; 36536295; 36672889
pigmentation,VPS9D1-AS1,GWAS only,,34737426; 36672889
pigmentation,WHAMMP2,GWAS only,,18483556; 30595370
pigmentation,WNT7B,GWAS only,,30531825; 38728357
pigmentation,WRAP53,OMIM only,613988,
pigmentation,WRN,OMIM only,277700,
pigmentation,XPA,OMIM only,278700,
pigmentation,XPC,OMIM only,278720,
pigmentation,Y_RNA,GWAS only,,30531825; 30595370; 30895295; 36672889
pigmentation,ZBTB38,GWAS only,,29662168; 30531825; 30595370
pigmentation,ZC3H18,GWAS only,,30595370; 34737426
pigmentation,ZFP36L1,GWAS only,,30531825; 30595370; 32341527
pigmentation,ZFPM1,GWAS only,,30595370; 34737426
pigmentation,ZFYVE16,GWAS only,,30531825; 30595370
pigmentation,ZMIZ1,GWAS only,,30531825; 30595370
pigmentation,ZMPSTE24,OMIM only,608612,
pigmentation,ZNF276,GWAS only,,34737426; 36536295; 36672889
pigmentation,ZNF778,GWAS only,,30595370; 34737426
pigmentation,ZNF831,GWAS only,,30531825; 30595370
pigmentation,ZNG1A,GWAS only,,30531825; 30595370; 32341527
hair,ALX4,Shared,609597; 613451; 615529,27182965; 29895819; 42190866
hair,BCL2,GWAS only,,29895819; 42190866
hair,CCDST,GWAS only,,19896111; 33190678
hair,CIR1P1,GWAS only,,27182965; 37565938
hair,CIROZ,GWAS only,,26926045; 29895819; 42190866
hair,EDAR,Shared,129490; 224900,26926045; 27182965; 27487801; 29895819; 34265127
hair,FGF5,GWAS only,,27182965; 42190866
hair,FOXL2,OMIM only,110100; 608996,
hair,FOXL2NB,GWAS only,,26926045; 30248107
hair,FOXO1,OMIM only,268220,
hair,FOXP2,OMIM only,602081,
hair,FRAS1,Shared,219000,19896111; 29220522
hair,GATA3,OMIM only,146255,
hair,GMDS-DT,GWAS only,,27182965; 36035146
hair,HAND1,GWAS only,,27182965; 37565938
hair,HERC2,GWAS only,,27182965; 30166351
hair,HOXC13,OMIM only,614931,
hair,IRF4,GWAS only,,27182965; 30166351
hair,KRT8P28,GWAS only,,19896111; 33190678
hair,LGR4,OMIM only,615311; 619613,
hair,LIMS1,GWAS only,,29895819; 30248107
hair,LINC00708,GWAS only,,26926045; 29220522
hair,LINC01432,GWAS only,,27182965; 30166351
hair,LINC01956,GWAS only,,27182965; 33190678
hair,LINC02230,GWAS only,,26926045; 27182965; 30248107
hair,MBL2,OMIM only,614372,
hair,PADI3,OMIM only,191480,
hair,PAX3,Shared,122880; 148820; 193500; 268220,26926045; 27182965
hair,PAX7,OMIM only,268220,
hair,PEX14,OMIM only,614887,
hair,PRR23A,GWAS only,,26926045; 30248107
hair,RPTN,GWAS only,,29220522; 33190678
hair,S100A11,GWAS only,,19896111; 33190678
hair,SLC24A4,GWAS only,,27182965; 30166351
hair,SLC39A12,GWAS only,,27182965; 42190866
hair,SLC45A1,OMIM only,617532,
hair,SLC45A2,GWAS only,,27182965; 30166351
hair,SOX2,OMIM only,206900,
hair,SOX2-OT,GWAS only,,27182965; 29895819; 30248107
hair,SPTLC1P4,GWAS only,,19896111; 33190678
hair,TBX15,Shared,260660,29895819; 42190866
hair,TCHH,Shared,617252,19896111; 20585627; 26926045; 29220522; 33190678
hair,THEM4,GWAS only,,19896111; 33190678
hair,TMEM174,GWAS only,,26926045; 27182965; 30248107
hair,WNT10A,Shared,150400; 224750; 257980,19896111; 20585627
