query_id,query_group,query_scope,query_label,url,page,rows,total_associations,response_file,sha256,retrieved_utc
EFO_0003924,pigmentation,strict,hair color,https://www.ebi.ac.uk/gwas/rest/api/v2/associations?efo_id=EFO_0003924&show_child_trait=false&size=500&page=0,0,500,585,EFO_0003924-page-000.json,6c5865391e5dfbbffb49888af5b9a9ed2a9a71802d74276336453ff8a2891fa2,2026-10-03T21:24:21.889238+00:00
EFO_0003924,pigmentation,strict,hair color,https://www.ebi.ac.uk/gwas/rest/api/v2/associations?efo_id=EFO_0003924&show_child_trait=false&size=500&page=1,1,85,585,EFO_0003924-page-001.json,98db1faa61683c667597619ef479d8d85ad6a905f524339f423e4f3fdaf8792a,2026-10-03T21:24:29.649519+00:00
EFO_0003949,pigmentation,strict,eye color,https://www.ebi.ac.uk/gwas/rest/api/v2/associations?efo_id=EFO_0003949&show_child_trait=false&size=500&page=0,0,201,201,EFO_0003949-page-000.json,2f9c7a5012bff507f54fd7d391fb42de9b7bc8ec783177018f7180fdf60399c7,2026-10-03T21:24:44.895511+00:00
EFO_0009764,pigmentation,strict,eye colour measurement,https://www.ebi.ac.uk/gwas/rest/api/v2/associations?efo_id=EFO_0009764&show_child_trait=false&size=500&page=0,0,236,236,EFO_0009764-page-000.json,de0005e6e8e6ba32a0e9b678f5939de92c816cb32b7d570c3f2f5f6c768a816c,2026-10-03T21:25:03.351944+00:00
EFO_0021835,pigmentation,strict,melanin measurement,https://www.ebi.ac.uk/gwas/rest/api/v2/associations?efo_id=EFO_0021835&show_child_trait=false&size=500&page=0,0,1,1,EFO_0021835-page-000.json,06ff0c512d5254e38a703d6c177ba976ba44a080a9ddcfea278a13d03d2f8604,2026-10-03T21:25:04.643571+00:00
OBA_0002313,pigmentation,strict,strand of hair color,https://www.ebi.ac.uk/gwas/rest/api/v2/associations?efo_id=OBA_0002313&show_child_trait=false&size=500&page=0,0,500,768,OBA_0002313-page-000.json,0945c99aac4fc984a9d9282cca7ffd925fd551435244fe2aeab54ce9f8076537,2026-10-03T21:25:42.898806+00:00
OBA_0002313,pigmentation,strict,strand of hair color,https://www.ebi.ac.uk/gwas/rest/api/v2/associations?efo_id=OBA_0002313&show_child_trait=false&size=500&page=1,1,268,768,OBA_0002313-page-001.json,2ae8bb433b3642e235d1cce0a4c1355d111598aa88066e8ea0505fe7f54e6487,2026-10-03T21:26:07.534973+00:00
OBA_2045282,pigmentation,strict,facial pigmentation,https://www.ebi.ac.uk/gwas/rest/api/v2/associations?efo_id=OBA_2045282&show_child_trait=false&size=500&page=0,0,52,52,OBA_2045282-page-000.json,525177713b2f26b893039b209ad5828cd87d5dbab15cad8e83616de179f92202,2026-10-03T21:26:12.981379+00:00
OBA_VT0002095,pigmentation,strict,skin pigmentation,https://www.ebi.ac.uk/gwas/rest/api/v2/associations?efo_id=OBA_VT0002095&show_child_trait=false&size=500&page=0,0,500,680,OBA_VT0002095-page-000.json,0cad9ae6ef831527cef712b765d6141be3c9f7a53fe32f9c58a8816c67187bff,2026-10-03T21:26:44.907173+00:00
OBA_VT0002095,pigmentation,strict,skin pigmentation,https://www.ebi.ac.uk/gwas/rest/api/v2/associations?efo_id=OBA_VT0002095&show_child_trait=false&size=500&page=1,1,180,680,OBA_VT0002095-page-001.json,fb5cc70e0f014ef3cc88fabfca970e7349524a8522d52c2bd8bbeab09475b1f7,2026-10-03T21:26:58.741514+00:00
EFO_0003963,pigmentation,broad,freckles,https://www.ebi.ac.uk/gwas/rest/api/v2/associations?efo_id=EFO_0003963&show_child_trait=false&size=500&page=0,0,30,30,EFO_0003963-page-000.json,c02a9fd9ac6096958d053fd17369af651f8ecd032e38c64332a7f530a7ccd47a,2026-10-03T21:27:01.842530+00:00
EFO_0004279,pigmentation,broad,suntan,https://www.ebi.ac.uk/gwas/rest/api/v2/associations?efo_id=EFO_0004279&show_child_trait=false&size=500&page=0,0,113,113,EFO_0004279-page-000.json,f61ebf6179eb039f833806b66879696a8c13b1aac7c5eacbbe47a4c43ed73305,2026-10-03T21:27:10.596352+00:00
MONDO_0005326,pigmentation,broad,sunburn,https://www.ebi.ac.uk/gwas/rest/api/v2/associations?efo_id=MONDO_0005326&show_child_trait=false&size=500&page=0,0,91,91,MONDO_0005326-page-000.json,098c0b39b7da7257110e4cdd963b1a02ab41b98dc6ddef477c3fcf27d0e4cbb8,2026-10-03T21:27:17.789242+00:00
MONDO_0005434,pigmentation,broad,skin sensitivity to sun,https://www.ebi.ac.uk/gwas/rest/api/v2/associations?efo_id=MONDO_0005434&show_child_trait=false&size=500&page=0,0,85,85,MONDO_0005434-page-000.json,57f273fb8539d1a4864378053ad6b02bd92c5d6b7266d1ff2e771c8aa93b81fd,2026-10-03T21:27:24.370625+00:00
EFO_0005038,hair,strict,hair morphology,https://www.ebi.ac.uk/gwas/rest/api/v2/associations?efo_id=EFO_0005038&show_child_trait=false&size=500&page=0,0,24,24,EFO_0005038-page-000.json,d2dd9d048796a4d4a7377684648b29a1f17e72468c049850518ac72c727f7eba,2026-10-03T21:27:27.462678+00:00
OBA_0003493,hair,strict,strand of hair shape,https://www.ebi.ac.uk/gwas/rest/api/v2/associations?efo_id=OBA_0003493&show_child_trait=false&size=500&page=0,0,21,21,OBA_0003493-page-000.json,4321fbe04dc7944c1f6f6af43924c4fb6479202cda55c1c521ff662195e9523a,2026-10-03T21:27:30.187276+00:00
OBA_VT0000367,hair,strict,coat/hair morphology trait,https://www.ebi.ac.uk/gwas/rest/api/v2/associations?efo_id=OBA_VT0000367&show_child_trait=false&size=500&page=0,0,70,70,OBA_VT0000367-page-000.json,148965221a9f895eef51c9f54e9ec460ba9509c0dbd5fc0a87ea13f2db652285,2026-10-03T21:27:35.837551+00:00
EFO_0007906,hair,broad,synophrys measurement,https://www.ebi.ac.uk/gwas/rest/api/v2/associations?efo_id=EFO_0007906&show_child_trait=false&size=500&page=0,0,50,50,EFO_0007906-page-000.json,e4b6b17a55fcb60dd951fe9cfd54cbe597e9529686b69dd28ac0c2ddca7ff582,2026-10-03T21:27:40.334750+00:00
EFO_0009716,hair,broad,age at first facial hair,https://www.ebi.ac.uk/gwas/rest/api/v2/associations?efo_id=EFO_0009716&show_child_trait=false&size=500&page=0,0,0,0,EFO_0009716-page-000.json,673d5d6a06ca43384909758f84de00f4158570778083cd827ffca5c5ddef883a,2026-10-03T21:27:41.578615+00:00
HP_0000349,hair,broad,Widow's peak,https://www.ebi.ac.uk/gwas/rest/api/v2/associations?efo_id=HP_0000349&show_child_trait=false&size=500&page=0,0,1,1,HP_0000349-page-000.json,e8abaf3fc91f885f866469d037e40f25c0f73af4f1d319eb443435660622ed23,2026-10-03T21:27:42.948365+00:00
HP_0001007,hair,broad,Hirsutism,https://www.ebi.ac.uk/gwas/rest/api/v2/associations?efo_id=HP_0001007&show_child_trait=false&size=500&page=0,0,22,22,HP_0001007-page-000.json,9cbe71b8476d7b2f9fe5566aad4379d401fec5ea0b0a76b47c33c32fbce2e2d3,2026-10-03T21:27:45.673282+00:00
MONDO_0019280,hair,broad,hypertrichosis,https://www.ebi.ac.uk/gwas/rest/api/v2/associations?efo_id=MONDO_0019280&show_child_trait=false&size=500&page=0,0,0,0,MONDO_0019280-page-000.json,c7db7c9e130471f9c0a9c4e65a2392414425b2ec82fd47eb48106bb8a5cb0730,2026-10-03T21:27:46.898786+00:00
OBA_2050112,hair,broad,facial hair thickness,https://www.ebi.ac.uk/gwas/rest/api/v2/associations?efo_id=OBA_2050112&show_child_trait=false&size=500&page=0,0,30,30,OBA_2050112-page-000.json,8d3ffc1f3c89a588e943ae06218a717a8c95880f2116b13fcc352d249872012e,2026-10-03T21:27:49.943199+00:00
