query_group,gene_symbol,query_ids,query_labels,query_scopes,analysis_scopes,associations,studies,publications,reported_traits,study_ids,pubmed_ids,response_files,selection,passes_publication_filter,association_ids,association_urls,source_urls
hair,ALX4,EFO_0007906; HP_0001007,Hirsutism; synophrys measurement,broad,broad,3,3,3,Excessive hairiness; Hirsutism; Monobrow,GCST003996; GCST006095; GCST90835923,27182965; 29895819; 42190866,EFO_0007906-page-000.json; HP_0001007-page-000.json,strict + broad,True,19567346; 219059635; 31658878,https://www.ebi.ac.uk/gwas/rest/api/v2/associations/19567346; https://www.ebi.ac.uk/gwas/rest/api/v2/associations/219059635; https://www.ebi.ac.uk/gwas/rest/api/v2/associations/31658878,https://www.ebi.ac.uk/gwas/rest/api/v2/associations?efo_id=EFO_0007906&show_child_trait=false&size=500&page=0; https://www.ebi.ac.uk/gwas/rest/api/v2/associations?efo_id=HP_0001007&show_child_trait=false&size=500&page=0
hair,BCL2,HP_0001007,Hirsutism,broad,broad,2,2,2,Excessive hairiness; Hirsutism,GCST006095; GCST90835923,29895819; 42190866,HP_0001007-page-000.json,strict + broad,True,219059640; 31658865,https://www.ebi.ac.uk/gwas/rest/api/v2/associations/219059640; https://www.ebi.ac.uk/gwas/rest/api/v2/associations/31658865,https://www.ebi.ac.uk/gwas/rest/api/v2/associations?efo_id=HP_0001007&show_child_trait=false&size=500&page=0
hair,CCDST,EFO_0005038; OBA_VT0000367,coat/hair morphology trait; hair morphology,strict,strict,2,2,2,Hair curvature (quantitative); Hair morphology,GCST000519; GCST011641,19896111; 33190678,EFO_0005038-page-000.json; OBA_VT0000367-page-000.json,strict + broad,True,14762804; 63771285,https://www.ebi.ac.uk/gwas/rest/api/v2/associations/14762804; https://www.ebi.ac.uk/gwas/rest/api/v2/associations/63771285,https://www.ebi.ac.uk/gwas/rest/api/v2/associations?efo_id=EFO_0005038&show_child_trait=false&size=500&page=0; https://www.ebi.ac.uk/gwas/rest/api/v2/associations?efo_id=OBA_VT0000367&show_child_trait=false&size=500&page=0
hair,CIR1P1,EFO_0005038; EFO_0007906,hair morphology; synophrys measurement,broad; strict,broad,2,2,2,Hair whorl direction (counterclockwise vs clockwise); Monobrow,GCST003996; GCST90671959,27182965; 37565938,EFO_0005038-page-000.json; EFO_0007906-page-000.json,strict + broad,True,193101404; 19567279,https://www.ebi.ac.uk/gwas/rest/api/v2/associations/193101404; https://www.ebi.ac.uk/gwas/rest/api/v2/associations/19567279,https://www.ebi.ac.uk/gwas/rest/api/v2/associations?efo_id=EFO_0005038&show_child_trait=false&size=500&page=0; https://www.ebi.ac.uk/gwas/rest/api/v2/associations?efo_id=EFO_0007906&show_child_trait=false&size=500&page=0
hair,CIROZ,HP_0001007; OBA_2050112,Hirsutism; facial hair thickness,broad,broad,3,3,3,Beard thickness; Excessive hairiness; Hirsutism,GCST003475; GCST006095; GCST90835923,26926045; 29895819; 42190866,HP_0001007-page-000.json; OBA_2050112-page-000.json,strict + broad,True,16543980; 219059603; 31658874,https://www.ebi.ac.uk/gwas/rest/api/v2/associations/16543980; https://www.ebi.ac.uk/gwas/rest/api/v2/associations/219059603; https://www.ebi.ac.uk/gwas/rest/api/v2/associations/31658874,https://www.ebi.ac.uk/gwas/rest/api/v2/associations?efo_id=HP_0001007&show_child_trait=false&size=500&page=0; https://www.ebi.ac.uk/gwas/rest/api/v2/associations?efo_id=OBA_2050112&show_child_trait=false&size=500&page=0
hair,EDAR,EFO_0005038; EFO_0007906; OBA_0003493; OBA_2050112; OBA_VT0000367,coat/hair morphology trait; facial hair thickness; hair morphology; strand of hair shape; synophrys measurement,broad; strict,broad; strict,10,9,5,Beard thickness; Curly vs straight hair; Eyebrow thickness; Monobrow; Monobrow thickness; Scalp hair shape; Straight vs curly hair; Thick vs thin eyebrows,GCST003474; GCST003475; GCST003476; GCST003477; GCST003996; GCST006093; GCST006094; GCST006468; GCST90026488,26926045; 27182965; 27487801; 29895819; 34265127,EFO_0005038-page-000.json; EFO_0007906-page-000.json; OBA_0003493-page-000.json; OBA_2050112-page-000.json; OBA_VT0000367-page-000.json,strict + broad,True,16543771; 16543920; 16544102; 16544277; 19567317; 31658821; 31658835; 35113705; 35113884; 93453741,https://www.ebi.ac.uk/gwas/rest/api/v2/associations/16543771; https://www.ebi.ac.uk/gwas/rest/api/v2/associations/16543920; https://www.ebi.ac.uk/gwas/rest/api/v2/associations/16544102; https://www.ebi.ac.uk/gwas/rest/api/v2/associations/16544277; https://www.ebi.ac.uk/gwas/rest/api/v2/associations/19567317; https://www.ebi.ac.uk/gwas/rest/api/v2/associations/31658821; https://www.ebi.ac.uk/gwas/rest/api/v2/associations/31658835; https://www.ebi.ac.uk/gwas/rest/api/v2/associations/35113705; https://www.ebi.ac.uk/gwas/rest/api/v2/associations/35113884; https://www.ebi.ac.uk/gwas/rest/api/v2/associations/93453741,https://www.ebi.ac.uk/gwas/rest/api/v2/associations?efo_id=EFO_0005038&show_child_trait=false&size=500&page=0; https://www.ebi.ac.uk/gwas/rest/api/v2/associations?efo_id=EFO_0007906&show_child_trait=false&size=500&page=0; https://www.ebi.ac.uk/gwas/rest/api/v2/associations?efo_id=OBA_0003493&show_child_trait=false&size=500&page=0; https://www.ebi.ac.uk/gwas/rest/api/v2/associations?efo_id=OBA_2050112&show_child_trait=false&size=500&page=0; https://www.ebi.ac.uk/gwas/rest/api/v2/associations?efo_id=OBA_VT0000367&show_child_trait=false&size=500&page=0
hair,FGF5,EFO_0007906; HP_0001007,Hirsutism; synophrys measurement,broad,broad,2,2,2,Hirsutism; Monobrow,GCST003996; GCST90854296,27182965; 42190866,EFO_0007906-page-000.json; HP_0001007-page-000.json,strict + broad,True,19567392; 219059653,https://www.ebi.ac.uk/gwas/rest/api/v2/associations/19567392; https://www.ebi.ac.uk/gwas/rest/api/v2/associations/219059653,https://www.ebi.ac.uk/gwas/rest/api/v2/associations?efo_id=EFO_0007906&show_child_trait=false&size=500&page=0; https://www.ebi.ac.uk/gwas/rest/api/v2/associations?efo_id=HP_0001007&show_child_trait=false&size=500&page=0
hair,FOXL2NB,OBA_2050112,facial hair thickness,broad,broad,2,2,2,Eyebrow thickness,GCST003476; GCST006706,26926045; 30248107,OBA_2050112-page-000.json,strict + broad,True,16544057; 35704976,https://www.ebi.ac.uk/gwas/rest/api/v2/associations/16544057; https://www.ebi.ac.uk/gwas/rest/api/v2/associations/35704976,https://www.ebi.ac.uk/gwas/rest/api/v2/associations?efo_id=OBA_2050112&show_child_trait=false&size=500&page=0
hair,FRAS1,EFO_0005038; OBA_0003493,hair morphology; strand of hair shape,strict,strict,2,2,2,Hair morphology; Hair shape,GCST000519; GCST005191,19896111; 29220522,EFO_0005038-page-000.json; OBA_0003493-page-000.json,strict + broad,True,14762803; 27296823,https://www.ebi.ac.uk/gwas/rest/api/v2/associations/14762803; https://www.ebi.ac.uk/gwas/rest/api/v2/associations/27296823,https://www.ebi.ac.uk/gwas/rest/api/v2/associations?efo_id=EFO_0005038&show_child_trait=false&size=500&page=0; https://www.ebi.ac.uk/gwas/rest/api/v2/associations?efo_id=OBA_0003493&show_child_trait=false&size=500&page=0
hair,GMDS-DT,EFO_0007906; HP_0000349,Widow's peak; synophrys measurement,broad,broad,2,2,2,Monobrow; Widow's peak,GCST003996; GCST90146356,27182965; 36035146,EFO_0007906-page-000.json; HP_0000349-page-000.json,strict + broad,True,100653893; 19567341,https://www.ebi.ac.uk/gwas/rest/api/v2/associations/100653893; https://www.ebi.ac.uk/gwas/rest/api/v2/associations/19567341,https://www.ebi.ac.uk/gwas/rest/api/v2/associations?efo_id=EFO_0007906&show_child_trait=false&size=500&page=0; https://www.ebi.ac.uk/gwas/rest/api/v2/associations?efo_id=HP_0000349&show_child_trait=false&size=500&page=0
hair,HAND1,EFO_0005038; EFO_0007906,hair morphology; synophrys measurement,broad; strict,broad,2,2,2,Hair whorl direction (counterclockwise vs clockwise); Monobrow,GCST003996; GCST90671959,27182965; 37565938,EFO_0005038-page-000.json; EFO_0007906-page-000.json,strict + broad,True,193101404; 19567279,https://www.ebi.ac.uk/gwas/rest/api/v2/associations/193101404; https://www.ebi.ac.uk/gwas/rest/api/v2/associations/19567279,https://www.ebi.ac.uk/gwas/rest/api/v2/associations?efo_id=EFO_0005038&show_child_trait=false&size=500&page=0; https://www.ebi.ac.uk/gwas/rest/api/v2/associations?efo_id=EFO_0007906&show_child_trait=false&size=500&page=0
hair,HERC2,EFO_0007906; OBA_VT0000367,coat/hair morphology trait; synophrys measurement,broad; strict,broad; strict,10,2,2,Hair morphology traits; Monobrow,GCST003996; GCST007486,27182965; 30166351,EFO_0007906-page-000.json; OBA_VT0000367-page-000.json,strict + broad,True,19567229; 41334451; 41334471; 41334476; 41334501; 41334506; 41334541; 41334546; 41334576; 41334581,https://www.ebi.ac.uk/gwas/rest/api/v2/associations/19567229; https://www.ebi.ac.uk/gwas/rest/api/v2/associations/41334451; https://www.ebi.ac.uk/gwas/rest/api/v2/associations/41334471; https://www.ebi.ac.uk/gwas/rest/api/v2/associations/41334476; https://www.ebi.ac.uk/gwas/rest/api/v2/associations/41334501; https://www.ebi.ac.uk/gwas/rest/api/v2/associations/41334506; https://www.ebi.ac.uk/gwas/rest/api/v2/associations/41334541; https://www.ebi.ac.uk/gwas/rest/api/v2/associations/41334546; https://www.ebi.ac.uk/gwas/rest/api/v2/associations/41334576; https://www.ebi.ac.uk/gwas/rest/api/v2/associations/41334581,https://www.ebi.ac.uk/gwas/rest/api/v2/associations?efo_id=EFO_0007906&show_child_trait=false&size=500&page=0; https://www.ebi.ac.uk/gwas/rest/api/v2/associations?efo_id=OBA_VT0000367&show_child_trait=false&size=500&page=0
hair,IRF4,EFO_0007906; OBA_VT0000367,coat/hair morphology trait; synophrys measurement,broad; strict,broad; strict,5,2,2,Hair morphology traits; Monobrow,GCST003996; GCST007486,27182965; 30166351,EFO_0007906-page-000.json; OBA_VT0000367-page-000.json,strict + broad,True,19567383; 41334456; 41334486; 41334551; 41334586,https://www.ebi.ac.uk/gwas/rest/api/v2/associations/19567383; https://www.ebi.ac.uk/gwas/rest/api/v2/associations/41334456; https://www.ebi.ac.uk/gwas/rest/api/v2/associations/41334486; https://www.ebi.ac.uk/gwas/rest/api/v2/associations/41334551; https://www.ebi.ac.uk/gwas/rest/api/v2/associations/41334586,https://www.ebi.ac.uk/gwas/rest/api/v2/associations?efo_id=EFO_0007906&show_child_trait=false&size=500&page=0; https://www.ebi.ac.uk/gwas/rest/api/v2/associations?efo_id=OBA_VT0000367&show_child_trait=false&size=500&page=0
hair,KRT8P28,EFO_0005038; OBA_VT0000367,coat/hair morphology trait; hair morphology,strict,strict,2,2,2,Hair curvature (quantitative); Hair morphology,GCST000519; GCST011641,19896111; 33190678,EFO_0005038-page-000.json; OBA_VT0000367-page-000.json,strict + broad,True,14762800; 80654544,https://www.ebi.ac.uk/gwas/rest/api/v2/associations/14762800; https://www.ebi.ac.uk/gwas/rest/api/v2/associations/80654544,https://www.ebi.ac.uk/gwas/rest/api/v2/associations?efo_id=EFO_0005038&show_child_trait=false&size=500&page=0; https://www.ebi.ac.uk/gwas/rest/api/v2/associations?efo_id=OBA_VT0000367&show_child_trait=false&size=500&page=0
hair,LIMS1,HP_0001007; OBA_2050112,Hirsutism; facial hair thickness,broad,broad,2,2,2,Excessive hairiness; Eyebrow thickness,GCST006095; GCST006706,29895819; 30248107,HP_0001007-page-000.json; OBA_2050112-page-000.json,strict + broad,True,31658859; 35704971,https://www.ebi.ac.uk/gwas/rest/api/v2/associations/31658859; https://www.ebi.ac.uk/gwas/rest/api/v2/associations/35704971,https://www.ebi.ac.uk/gwas/rest/api/v2/associations?efo_id=HP_0001007&show_child_trait=false&size=500&page=0; https://www.ebi.ac.uk/gwas/rest/api/v2/associations?efo_id=OBA_2050112&show_child_trait=false&size=500&page=0
hair,LINC00708,OBA_0003493,strand of hair shape,strict,strict,2,2,2,Hair shape; Scalp hair shape,GCST003474; GCST005191,26926045; 29220522,OBA_0003493-page-000.json,strict + broad,True,16543788; 27296827,https://www.ebi.ac.uk/gwas/rest/api/v2/associations/16543788; https://www.ebi.ac.uk/gwas/rest/api/v2/associations/27296827,https://www.ebi.ac.uk/gwas/rest/api/v2/associations?efo_id=OBA_0003493&show_child_trait=false&size=500&page=0
hair,LINC01432,EFO_0007906; OBA_VT0000367,coat/hair morphology trait; synophrys measurement,broad; strict,broad,3,2,2,Hair morphology traits; Monobrow,GCST003996; GCST007486,27182965; 30166351,EFO_0007906-page-000.json; OBA_VT0000367-page-000.json,strict + broad,True,19567414; 41334607; 41334612,https://www.ebi.ac.uk/gwas/rest/api/v2/associations/19567414; https://www.ebi.ac.uk/gwas/rest/api/v2/associations/41334607; https://www.ebi.ac.uk/gwas/rest/api/v2/associations/41334612,https://www.ebi.ac.uk/gwas/rest/api/v2/associations?efo_id=EFO_0007906&show_child_trait=false&size=500&page=0; https://www.ebi.ac.uk/gwas/rest/api/v2/associations?efo_id=OBA_VT0000367&show_child_trait=false&size=500&page=0
hair,LINC01956,EFO_0007906; OBA_VT0000367,coat/hair morphology trait; synophrys measurement,broad; strict,broad; strict,2,2,2,Hair curvature (quantitative); Monobrow,GCST003996; GCST011641,27182965; 33190678,EFO_0007906-page-000.json; OBA_VT0000367-page-000.json,strict + broad,True,19567396; 63771297,https://www.ebi.ac.uk/gwas/rest/api/v2/associations/19567396; https://www.ebi.ac.uk/gwas/rest/api/v2/associations/63771297,https://www.ebi.ac.uk/gwas/rest/api/v2/associations?efo_id=EFO_0007906&show_child_trait=false&size=500&page=0; https://www.ebi.ac.uk/gwas/rest/api/v2/associations?efo_id=OBA_VT0000367&show_child_trait=false&size=500&page=0
hair,LINC02230,EFO_0007906; OBA_2050112,facial hair thickness; synophrys measurement,broad,broad,4,4,3,Eyebrow thickness; Monobrow; Monobrow thickness,GCST003476; GCST003477; GCST003996; GCST006706,26926045; 27182965; 30248107,EFO_0007906-page-000.json; OBA_2050112-page-000.json,strict + broad,True,16544140; 16544307; 19567241; 35704986,https://www.ebi.ac.uk/gwas/rest/api/v2/associations/16544140; https://www.ebi.ac.uk/gwas/rest/api/v2/associations/16544307; https://www.ebi.ac.uk/gwas/rest/api/v2/associations/19567241; https://www.ebi.ac.uk/gwas/rest/api/v2/associations/35704986,https://www.ebi.ac.uk/gwas/rest/api/v2/associations?efo_id=EFO_0007906&show_child_trait=false&size=500&page=0; https://www.ebi.ac.uk/gwas/rest/api/v2/associations?efo_id=OBA_2050112&show_child_trait=false&size=500&page=0
hair,PAX3,EFO_0007906; OBA_2050112,facial hair thickness; synophrys measurement,broad,broad,2,2,2,Monobrow; Monobrow thickness,GCST003477; GCST003996,26926045; 27182965,EFO_0007906-page-000.json; OBA_2050112-page-000.json,strict + broad,True,16544264; 19567217,https://www.ebi.ac.uk/gwas/rest/api/v2/associations/16544264; https://www.ebi.ac.uk/gwas/rest/api/v2/associations/19567217,https://www.ebi.ac.uk/gwas/rest/api/v2/associations?efo_id=EFO_0007906&show_child_trait=false&size=500&page=0; https://www.ebi.ac.uk/gwas/rest/api/v2/associations?efo_id=OBA_2050112&show_child_trait=false&size=500&page=0
hair,PRR23A,OBA_2050112,facial hair thickness,broad,broad,2,2,2,Eyebrow thickness,GCST003476; GCST006706,26926045; 30248107,OBA_2050112-page-000.json,strict + broad,True,16544057; 35704976,https://www.ebi.ac.uk/gwas/rest/api/v2/associations/16544057; https://www.ebi.ac.uk/gwas/rest/api/v2/associations/35704976,https://www.ebi.ac.uk/gwas/rest/api/v2/associations?efo_id=OBA_2050112&show_child_trait=false&size=500&page=0
hair,RPTN,OBA_0003493; OBA_VT0000367,coat/hair morphology trait; strand of hair shape,strict,strict,2,2,2,Hair curvature (quantitative); Hair shape,GCST005191; GCST011641,29220522; 33190678,OBA_0003493-page-000.json; OBA_VT0000367-page-000.json,strict + broad,True,27296811; 63771285,https://www.ebi.ac.uk/gwas/rest/api/v2/associations/27296811; https://www.ebi.ac.uk/gwas/rest/api/v2/associations/63771285,https://www.ebi.ac.uk/gwas/rest/api/v2/associations?efo_id=OBA_0003493&show_child_trait=false&size=500&page=0; https://www.ebi.ac.uk/gwas/rest/api/v2/associations?efo_id=OBA_VT0000367&show_child_trait=false&size=500&page=0
hair,S100A11,EFO_0005038; OBA_VT0000367,coat/hair morphology trait; hair morphology,strict,strict,2,2,2,Hair curvature (quantitative); Hair morphology,GCST000519; GCST011641,19896111; 33190678,EFO_0005038-page-000.json; OBA_VT0000367-page-000.json,strict + broad,True,14762801; 63771279,https://www.ebi.ac.uk/gwas/rest/api/v2/associations/14762801; https://www.ebi.ac.uk/gwas/rest/api/v2/associations/63771279,https://www.ebi.ac.uk/gwas/rest/api/v2/associations?efo_id=EFO_0005038&show_child_trait=false&size=500&page=0; https://www.ebi.ac.uk/gwas/rest/api/v2/associations?efo_id=OBA_VT0000367&show_child_trait=false&size=500&page=0
hair,SLC24A4,EFO_0007906; OBA_VT0000367,coat/hair morphology trait; synophrys measurement,broad; strict,broad; strict,2,2,2,Hair morphology traits; Monobrow,GCST003996; GCST007486,27182965; 30166351,EFO_0007906-page-000.json; OBA_VT0000367-page-000.json,strict + broad,True,19567263; 41334591,https://www.ebi.ac.uk/gwas/rest/api/v2/associations/19567263; https://www.ebi.ac.uk/gwas/rest/api/v2/associations/41334591,https://www.ebi.ac.uk/gwas/rest/api/v2/associations?efo_id=EFO_0007906&show_child_trait=false&size=500&page=0; https://www.ebi.ac.uk/gwas/rest/api/v2/associations?efo_id=OBA_VT0000367&show_child_trait=false&size=500&page=0
hair,SLC39A12,EFO_0007906; HP_0001007,Hirsutism; synophrys measurement,broad,broad,2,2,2,Hirsutism; Monobrow,GCST003996; GCST90835923,27182965; 42190866,EFO_0007906-page-000.json; HP_0001007-page-000.json,strict + broad,True,19567424; 219059631,https://www.ebi.ac.uk/gwas/rest/api/v2/associations/19567424; https://www.ebi.ac.uk/gwas/rest/api/v2/associations/219059631,https://www.ebi.ac.uk/gwas/rest/api/v2/associations?efo_id=EFO_0007906&show_child_trait=false&size=500&page=0; https://www.ebi.ac.uk/gwas/rest/api/v2/associations?efo_id=HP_0001007&show_child_trait=false&size=500&page=0
hair,SLC45A2,EFO_0007906; OBA_VT0000367,coat/hair morphology trait; synophrys measurement,broad; strict,broad; strict,7,2,2,Hair morphology traits; Monobrow,GCST003996; GCST007486,27182965; 30166351,EFO_0007906-page-000.json; OBA_VT0000367-page-000.json,strict + broad,True,19567225; 41334461; 41334481; 41334491; 41334516; 41334561; 41334602,https://www.ebi.ac.uk/gwas/rest/api/v2/associations/19567225; https://www.ebi.ac.uk/gwas/rest/api/v2/associations/41334461; https://www.ebi.ac.uk/gwas/rest/api/v2/associations/41334481; https://www.ebi.ac.uk/gwas/rest/api/v2/associations/41334491; https://www.ebi.ac.uk/gwas/rest/api/v2/associations/41334516; https://www.ebi.ac.uk/gwas/rest/api/v2/associations/41334561; https://www.ebi.ac.uk/gwas/rest/api/v2/associations/41334602,https://www.ebi.ac.uk/gwas/rest/api/v2/associations?efo_id=EFO_0007906&show_child_trait=false&size=500&page=0; https://www.ebi.ac.uk/gwas/rest/api/v2/associations?efo_id=OBA_VT0000367&show_child_trait=false&size=500&page=0
hair,SOX2-OT,EFO_0007906; HP_0001007; OBA_2050112,Hirsutism; facial hair thickness; synophrys measurement,broad,broad,3,3,3,Excessive hairiness; Eyebrow thickness; Monobrow,GCST003996; GCST006095; GCST006706,27182965; 29895819; 30248107,EFO_0007906-page-000.json; HP_0001007-page-000.json; OBA_2050112-page-000.json,strict + broad,True,19567251; 31658870; 35704981,https://www.ebi.ac.uk/gwas/rest/api/v2/associations/19567251; https://www.ebi.ac.uk/gwas/rest/api/v2/associations/31658870; https://www.ebi.ac.uk/gwas/rest/api/v2/associations/35704981,https://www.ebi.ac.uk/gwas/rest/api/v2/associations?efo_id=EFO_0007906&show_child_trait=false&size=500&page=0; https://www.ebi.ac.uk/gwas/rest/api/v2/associations?efo_id=HP_0001007&show_child_trait=false&size=500&page=0; https://www.ebi.ac.uk/gwas/rest/api/v2/associations?efo_id=OBA_2050112&show_child_trait=false&size=500&page=0
hair,SPTLC1P4,EFO_0005038; OBA_VT0000367,coat/hair morphology trait; hair morphology,strict,strict,2,2,2,Hair curvature (quantitative); Hair morphology,GCST000519; GCST011641,19896111; 33190678,EFO_0005038-page-000.json; OBA_VT0000367-page-000.json,strict + broad,True,14762801; 63771279,https://www.ebi.ac.uk/gwas/rest/api/v2/associations/14762801; https://www.ebi.ac.uk/gwas/rest/api/v2/associations/63771279,https://www.ebi.ac.uk/gwas/rest/api/v2/associations?efo_id=EFO_0005038&show_child_trait=false&size=500&page=0; https://www.ebi.ac.uk/gwas/rest/api/v2/associations?efo_id=OBA_VT0000367&show_child_trait=false&size=500&page=0
hair,TBX15,HP_0001007,Hirsutism,broad,broad,2,2,2,Excessive hairiness; Hirsutism,GCST006095; GCST90835923,29895819; 42190866,HP_0001007-page-000.json,strict + broad,True,219059607; 31658853,https://www.ebi.ac.uk/gwas/rest/api/v2/associations/219059607; https://www.ebi.ac.uk/gwas/rest/api/v2/associations/31658853,https://www.ebi.ac.uk/gwas/rest/api/v2/associations?efo_id=HP_0001007&show_child_trait=false&size=500&page=0
hair,TCHH,EFO_0005038; OBA_0003493; OBA_VT0000367,coat/hair morphology trait; hair morphology; strand of hair shape,strict,strict,5,5,5,Common traits (Other); Hair curvature (observational); Hair morphology; Hair shape; Scalp hair shape,GCST000519; GCST000706; GCST003474; GCST005191; GCST011640,19896111; 20585627; 26926045; 29220522; 33190678,EFO_0005038-page-000.json; OBA_0003493-page-000.json; OBA_VT0000367-page-000.json,strict + broad,True,14762806; 15602; 16543743; 27296844; 63771472,https://www.ebi.ac.uk/gwas/rest/api/v2/associations/14762806; https://www.ebi.ac.uk/gwas/rest/api/v2/associations/15602; https://www.ebi.ac.uk/gwas/rest/api/v2/associations/16543743; https://www.ebi.ac.uk/gwas/rest/api/v2/associations/27296844; https://www.ebi.ac.uk/gwas/rest/api/v2/associations/63771472,https://www.ebi.ac.uk/gwas/rest/api/v2/associations?efo_id=EFO_0005038&show_child_trait=false&size=500&page=0; https://www.ebi.ac.uk/gwas/rest/api/v2/associations?efo_id=OBA_0003493&show_child_trait=false&size=500&page=0; https://www.ebi.ac.uk/gwas/rest/api/v2/associations?efo_id=OBA_VT0000367&show_child_trait=false&size=500&page=0
hair,THEM4,EFO_0005038; OBA_VT0000367,coat/hair morphology trait; hair morphology,strict,strict,2,2,2,Hair curvature (quantitative); Hair morphology,GCST000519; GCST011641,19896111; 33190678,EFO_0005038-page-000.json; OBA_VT0000367-page-000.json,strict + broad,True,14762800; 80654544,https://www.ebi.ac.uk/gwas/rest/api/v2/associations/14762800; https://www.ebi.ac.uk/gwas/rest/api/v2/associations/80654544,https://www.ebi.ac.uk/gwas/rest/api/v2/associations?efo_id=EFO_0005038&show_child_trait=false&size=500&page=0; https://www.ebi.ac.uk/gwas/rest/api/v2/associations?efo_id=OBA_VT0000367&show_child_trait=false&size=500&page=0
hair,TMEM174,EFO_0007906; OBA_2050112,facial hair thickness; synophrys measurement,broad,broad,4,4,3,Eyebrow thickness; Monobrow; Monobrow thickness,GCST003476; GCST003477; GCST003996; GCST006706,26926045; 27182965; 30248107,EFO_0007906-page-000.json; OBA_2050112-page-000.json,strict + broad,True,16544140; 16544307; 19567241; 35704986,https://www.ebi.ac.uk/gwas/rest/api/v2/associations/16544140; https://www.ebi.ac.uk/gwas/rest/api/v2/associations/16544307; https://www.ebi.ac.uk/gwas/rest/api/v2/associations/19567241; https://www.ebi.ac.uk/gwas/rest/api/v2/associations/35704986,https://www.ebi.ac.uk/gwas/rest/api/v2/associations?efo_id=EFO_0007906&show_child_trait=false&size=500&page=0; https://www.ebi.ac.uk/gwas/rest/api/v2/associations?efo_id=OBA_2050112&show_child_trait=false&size=500&page=0
hair,WNT10A,EFO_0005038,hair morphology,strict,strict,2,2,2,Common traits (Other); Hair morphology,GCST000519; GCST000706,19896111; 20585627,EFO_0005038-page-000.json,strict + broad,True,14762809; 15604,https://www.ebi.ac.uk/gwas/rest/api/v2/associations/14762809; https://www.ebi.ac.uk/gwas/rest/api/v2/associations/15604,https://www.ebi.ac.uk/gwas/rest/api/v2/associations?efo_id=EFO_0005038&show_child_trait=false&size=500&page=0
