study_id,kind,url,response_file,sha256,retrieved_utc
GCST000115,ancestries,https://www.ebi.ac.uk/gwas/rest/api/v2/studies/GCST000115/ancestries,GCST000115-ancestries.json,198b0dd5a6963558fc1ac858181e77c38936c234e2ddb3310be15ccb3fd4ba3d,2026-10-03T21:53:32.228130+00:00
GCST000115,study,https://www.ebi.ac.uk/gwas/rest/api/v2/studies/GCST000115,GCST000115-study.json,5a1b13c6a6351026615325f538a1464e0339623f7cefe545d5e4f737b2db39b5,2026-10-03T21:53:32.227630+00:00
GCST000116,ancestries,https://www.ebi.ac.uk/gwas/rest/api/v2/studies/GCST000116/ancestries,GCST000116-ancestries.json,c8765d4efa137d58304dbb76873c726a0729a4c7a8d5696c5dbd6c28e09b2252,2026-10-03T21:53:32.872364+00:00
GCST000116,study,https://www.ebi.ac.uk/gwas/rest/api/v2/studies/GCST000116,GCST000116-study.json,650681981536ce46ed4f5a924bb4c04539077297774e182fffcab878a8868fe2,2026-10-03T21:53:32.871809+00:00
GCST000117,ancestries,https://www.ebi.ac.uk/gwas/rest/api/v2/studies/GCST000117/ancestries,GCST000117-ancestries.json,7bd39c0a4d51dad1482a63f76c240b8ab484852cd396ea5e9a4109b16ff74acc,2026-10-03T21:53:33.564859+00:00
GCST000117,study,https://www.ebi.ac.uk/gwas/rest/api/v2/studies/GCST000117,GCST000117-study.json,26df899e13de2280b662e7f769cd8b29ace4dd4328323f118413dd690e63bf8b,2026-10-03T21:53:33.564643+00:00
GCST000118,ancestries,https://www.ebi.ac.uk/gwas/rest/api/v2/studies/GCST000118/ancestries,GCST000118-ancestries.json,4fd340bcc9985405fdbba890cb302f63215cf2281aef9f794154c366dcaa98bd,2026-10-03T21:53:34.205404+00:00
GCST000118,study,https://www.ebi.ac.uk/gwas/rest/api/v2/studies/GCST000118,GCST000118-study.json,274dedf3611d04d5738e06aa352b6e29bb91de7d06b3f05db2f821c658cf0c6f,2026-10-03T21:53:34.204595+00:00
GCST000119,ancestries,https://www.ebi.ac.uk/gwas/rest/api/v2/studies/GCST000119/ancestries,GCST000119-ancestries.json,cc3365ac964bdbcc4f5b27c525e2c0d1beea9b463025ac38b492802faa4cbdd9,2026-10-03T21:53:37.469830+00:00
GCST000119,study,https://www.ebi.ac.uk/gwas/rest/api/v2/studies/GCST000119,GCST000119-study.json,620b03265f0a5d2509d55b3c125262aa14c63c478cf8970fcbc2748e4c6b9eee,2026-10-03T21:53:37.469253+00:00
GCST000120,ancestries,https://www.ebi.ac.uk/gwas/rest/api/v2/studies/GCST000120/ancestries,GCST000120-ancestries.json,0ba54817ea4a48771d188dc7f8a7e97655aaa4bbe999697932ce4be7a336fc9c,2026-10-03T21:53:38.102578+00:00
GCST000120,study,https://www.ebi.ac.uk/gwas/rest/api/v2/studies/GCST000120,GCST000120-study.json,3ad10265ecdb37707d69df74ec1e1e1f952d049d50aafd421d3c336e65f872e2,2026-10-03T21:53:38.102233+00:00
GCST000146,ancestries,https://www.ebi.ac.uk/gwas/rest/api/v2/studies/GCST000146/ancestries,GCST000146-ancestries.json,e74557e71f0352f52692532df21372964c77c30ae833495d0506ddeab1fb7782,2026-10-03T21:53:38.924785+00:00
GCST000146,study,https://www.ebi.ac.uk/gwas/rest/api/v2/studies/GCST000146,GCST000146-study.json,2ff01d53796844df085e72ce90512bd31f890c8d3f53bf0803f9dcd1876a167e,2026-10-03T21:53:38.923714+00:00
GCST000190,ancestries,https://www.ebi.ac.uk/gwas/rest/api/v2/studies/GCST000190/ancestries,GCST000190-ancestries.json,27a630526ff5b3125ee8d064eab42ad91a28a5324ac9d30159dd05c39ff61281,2026-10-03T21:53:39.454877+00:00
GCST000190,study,https://www.ebi.ac.uk/gwas/rest/api/v2/studies/GCST000190,GCST000190-study.json,293de4804c7902df48182d4b7316cee56dd12fdbf86e5d99bf8deee4cb174593,2026-10-03T21:53:39.454395+00:00
GCST000191,ancestries,https://www.ebi.ac.uk/gwas/rest/api/v2/studies/GCST000191/ancestries,GCST000191-ancestries.json,955276675b9a6d6b609295bf8f28e7c1cc698e0c8bad62f89ee467881c1af9dd,2026-10-03T21:53:42.678694+00:00
GCST000191,study,https://www.ebi.ac.uk/gwas/rest/api/v2/studies/GCST000191,GCST000191-study.json,681e4c601a7990cd578700afb6a38374c4e6f56acd1a600cf77bba128529be75,2026-10-03T21:53:42.677949+00:00
GCST000192,ancestries,https://www.ebi.ac.uk/gwas/rest/api/v2/studies/GCST000192/ancestries,GCST000192-ancestries.json,a6f9dce8585dca279a368a8ddd0faa8b2c1df24ae213329401f2e5481ebb7698,2026-10-03T21:53:43.349615+00:00
GCST000192,study,https://www.ebi.ac.uk/gwas/rest/api/v2/studies/GCST000192,GCST000192-study.json,372a5f9da75f71c99989173e7803cfa8164a0c9e34ee4920a71723349591ecc1,2026-10-03T21:53:43.349431+00:00
GCST000193,ancestries,https://www.ebi.ac.uk/gwas/rest/api/v2/studies/GCST000193/ancestries,GCST000193-ancestries.json,74fdb2b2cfb0f292a4b798f56d01b99f1f05e1cef14e95a3bf496acfedf1bcd8,2026-10-03T21:53:44.065559+00:00
GCST000193,study,https://www.ebi.ac.uk/gwas/rest/api/v2/studies/GCST000193,GCST000193-study.json,8ebd928c5f3a30e71a73e01be4132e709a054279a0e7c9c4da104662a4e2b025,2026-10-03T21:53:44.065360+00:00
GCST000194,ancestries,https://www.ebi.ac.uk/gwas/rest/api/v2/studies/GCST000194/ancestries,GCST000194-ancestries.json,979321ecf35f055d717b5f51768cfddcf78d501b3c74958398c146b0cabdb360,2026-10-03T21:53:44.692600+00:00
GCST000194,study,https://www.ebi.ac.uk/gwas/rest/api/v2/studies/GCST000194,GCST000194-study.json,c4ffb57d6f0f7feb40a48c0bc0dd73e8144f843281e1be2d93147fbd791dcd5b,2026-10-03T21:53:44.692037+00:00
GCST000195,ancestries,https://www.ebi.ac.uk/gwas/rest/api/v2/studies/GCST000195/ancestries,GCST000195-ancestries.json,0742b6d1bfe078ffa6613f1771b8729d8aa6f14013bd2a6a3bbd57e59164d8be,2026-10-03T21:53:47.968486+00:00
GCST000195,study,https://www.ebi.ac.uk/gwas/rest/api/v2/studies/GCST000195,GCST000195-study.json,96ae77d2dc2b25bbc3a1adabd44df732243b6ff7914890df6c08219ed4e16c8b,2026-10-03T21:53:47.967933+00:00
GCST000196,ancestries,https://www.ebi.ac.uk/gwas/rest/api/v2/studies/GCST000196/ancestries,GCST000196-ancestries.json,8ec47cb0b024f8076a51e05e3a860b40b08fe440a48961d33c94c3396df51921,2026-10-03T21:53:48.581484+00:00
GCST000196,study,https://www.ebi.ac.uk/gwas/rest/api/v2/studies/GCST000196,GCST000196-study.json,b1d7063af6875d7d1b0fef8d1ccff78861dfb0240776eec2a0032d4944d5d7d6,2026-10-03T21:53:48.580948+00:00
GCST000197,ancestries,https://www.ebi.ac.uk/gwas/rest/api/v2/studies/GCST000197/ancestries,GCST000197-ancestries.json,d240fb8951683f7a2b2a9118e6279de7c4b808e661ddab0bb3aca5ab0e656892,2026-10-03T21:53:49.313857+00:00
GCST000197,study,https://www.ebi.ac.uk/gwas/rest/api/v2/studies/GCST000197,GCST000197-study.json,4f0eea57c5c174126542ae76002b1d48f32db772f65d43b032ca5b091b97dd00,2026-10-03T21:53:49.313574+00:00
GCST000371,ancestries,https://www.ebi.ac.uk/gwas/rest/api/v2/studies/GCST000371/ancestries,GCST000371-ancestries.json,233fe0a2341e8516282144fdd88f9e5131451f9d3b873cefaba4daf93bf75ecc,2026-10-03T21:53:49.973172+00:00
GCST000371,study,https://www.ebi.ac.uk/gwas/rest/api/v2/studies/GCST000371,GCST000371-study.json,b01bb1ed29fbe844753ee3ac0aeeec2ec602fab931e29c3bc0bd9c16b4f01bdb,2026-10-03T21:53:49.971761+00:00
GCST000519,ancestries,https://www.ebi.ac.uk/gwas/rest/api/v2/studies/GCST000519/ancestries,GCST000519-ancestries.json,4c3944142170af7a679eabadfa2c4846449b8d40f3d9c0ad4130a6fbaa35acde,2026-10-03T21:53:53.139783+00:00
GCST000519,study,https://www.ebi.ac.uk/gwas/rest/api/v2/studies/GCST000519,GCST000519-study.json,b35811c7fd3ef62f38eb5427d9f0a74ecdac74f143f146508f39bb011475a73a,2026-10-03T21:53:53.139272+00:00
GCST000685,ancestries,https://www.ebi.ac.uk/gwas/rest/api/v2/studies/GCST000685/ancestries,GCST000685-ancestries.json,8692fd178a26ebf8622c677e4479705419746d31e30004d9ee33049daa96d296,2026-10-03T21:53:53.828721+00:00
GCST000685,study,https://www.ebi.ac.uk/gwas/rest/api/v2/studies/GCST000685,GCST000685-study.json,c46c399fd9541dee4216f8699c8951d63beac05b68f7015ae1f8fa2f24d49323,2026-10-03T21:53:53.828357+00:00
GCST000706,ancestries,https://www.ebi.ac.uk/gwas/rest/api/v2/studies/GCST000706/ancestries,GCST000706-ancestries.json,cce8d0d93b71010aa9b14280d081ecdec5c9c710577249ad122b491f8cd8264a,2026-10-03T21:53:54.407876+00:00
GCST000706,study,https://www.ebi.ac.uk/gwas/rest/api/v2/studies/GCST000706,GCST000706-study.json,c5a164cfc880ae1cbc5745e48529bc9801210a5ea5a4bb621b0802520e08e70e,2026-10-03T21:53:54.407551+00:00
GCST000707,ancestries,https://www.ebi.ac.uk/gwas/rest/api/v2/studies/GCST000707/ancestries,GCST000707-ancestries.json,772c410cf7426993676aa90535d11b23cedc53e73bf484821e97b65460a7107d,2026-10-03T21:53:55.145297+00:00
GCST000707,study,https://www.ebi.ac.uk/gwas/rest/api/v2/studies/GCST000707,GCST000707-study.json,e7508b991a616a1ad0cefd15735ea0ab9d312890eaf5ed5d9e665f82ddb3bfc8,2026-10-03T21:53:55.144991+00:00
GCST000708,ancestries,https://www.ebi.ac.uk/gwas/rest/api/v2/studies/GCST000708/ancestries,GCST000708-ancestries.json,1ca8bb846b69ad148472b77e063e42fb3fb389cb77380dc128caa63c50499eef,2026-10-03T21:53:58.382738+00:00
GCST000708,study,https://www.ebi.ac.uk/gwas/rest/api/v2/studies/GCST000708,GCST000708-study.json,c2c9785112bd296cad25b82b229a3ee688186a77aaa50e38f7d86f5348bb8322,2026-10-03T21:53:58.382208+00:00
GCST000710,ancestries,https://www.ebi.ac.uk/gwas/rest/api/v2/studies/GCST000710/ancestries,GCST000710-ancestries.json,5fd72da87a081627454cf4ebb2fcee4b66065c1221da911956654740b6066902,2026-10-03T21:53:59.068399+00:00
GCST000710,study,https://www.ebi.ac.uk/gwas/rest/api/v2/studies/GCST000710,GCST000710-study.json,b9835bdcb13e2ae10caf0763c6205d6b08ea91944d9c2babcb35103c9402ba6c,2026-10-03T21:53:59.067876+00:00
GCST001507,ancestries,https://www.ebi.ac.uk/gwas/rest/api/v2/studies/GCST001507/ancestries,GCST001507-ancestries.json,5cb951ff5d9812554080392615c5b657b44dcba5674298c94f14fdef6e0dc378,2026-10-03T21:53:59.646140+00:00
GCST001507,study,https://www.ebi.ac.uk/gwas/rest/api/v2/studies/GCST001507,GCST001507-study.json,96e933c425debd98ee593dc38b5198bbb392207aa792dd1c5e47612ff155495d,2026-10-03T21:53:59.645704+00:00
GCST001723,ancestries,https://www.ebi.ac.uk/gwas/rest/api/v2/studies/GCST001723/ancestries,GCST001723-ancestries.json,07746b6d99922f07a915ddf75c18619ebbba496adb788e400efdc29a4e20bece,2026-10-03T21:54:00.327686+00:00
GCST001723,study,https://www.ebi.ac.uk/gwas/rest/api/v2/studies/GCST001723,GCST001723-study.json,8212553b0f772132c638037659ebba8792ae361f576d8cbfa3ca3b748169ab5d,2026-10-03T21:54:00.327092+00:00
GCST001929,ancestries,https://www.ebi.ac.uk/gwas/rest/api/v2/studies/GCST001929/ancestries,GCST001929-ancestries.json,a79d4df23f3b2450fbdbc779444eeaae554d67e7a14ba758c6c1e3dcdfe7a26f,2026-10-03T21:54:03.669018+00:00
GCST001929,study,https://www.ebi.ac.uk/gwas/rest/api/v2/studies/GCST001929,GCST001929-study.json,3c2b19b21533bd52dfc08911b613a891e627bd0d56be0da1d4fdf9196faac392,2026-10-03T21:54:03.668322+00:00
GCST001932,ancestries,https://www.ebi.ac.uk/gwas/rest/api/v2/studies/GCST001932/ancestries,GCST001932-ancestries.json,feb0c99622d1bf5826f3b175c5c329b8c4c4553f8fb8a7349eeb35c43bd2ea1c,2026-10-03T21:54:04.312709+00:00
GCST001932,study,https://www.ebi.ac.uk/gwas/rest/api/v2/studies/GCST001932,GCST001932-study.json,30714b2549024da32cf57744da7eeedc7af8539ff92ef2aba06eb18aba8548c1,2026-10-03T21:54:04.312239+00:00
GCST001933,ancestries,https://www.ebi.ac.uk/gwas/rest/api/v2/studies/GCST001933/ancestries,GCST001933-ancestries.json,885b0b5a265bb9c5f03b75f6a0405c7e416b953c1abb04d440c4b5aac7a5939f,2026-10-03T21:54:05.043090+00:00
GCST001933,study,https://www.ebi.ac.uk/gwas/rest/api/v2/studies/GCST001933,GCST001933-study.json,ff2327a1d693ef425a957e8d7a33ca03bb454fe345d76176292e341830d06262,2026-10-03T21:54:05.038212+00:00
GCST001939,ancestries,https://www.ebi.ac.uk/gwas/rest/api/v2/studies/GCST001939/ancestries,GCST001939-ancestries.json,feb189a13834968e06db9db779739ee3f8d12b178556ba9758f43c028c6b8d07,2026-10-03T21:54:05.712638+00:00
GCST001939,study,https://www.ebi.ac.uk/gwas/rest/api/v2/studies/GCST001939,GCST001939-study.json,84b9dc6d25f88b62dbb617d920992c2e5523e3bd97adac2fed34016e5906de3d,2026-10-03T21:54:05.712286+00:00
GCST002785,ancestries,https://www.ebi.ac.uk/gwas/rest/api/v2/studies/GCST002785/ancestries,GCST002785-ancestries.json,0da406e8520234a7e380e58ece5ece39cc368d4895c35c0e6f700df025d28634,2026-10-03T21:54:08.895059+00:00
GCST002785,study,https://www.ebi.ac.uk/gwas/rest/api/v2/studies/GCST002785,GCST002785-study.json,051c2154874299634465e047b8838e26bb9a18d694ba68c889f09a58926f58e6,2026-10-03T21:54:08.894493+00:00
GCST002908,ancestries,https://www.ebi.ac.uk/gwas/rest/api/v2/studies/GCST002908/ancestries,GCST002908-ancestries.json,c1987b44c0c795818a19599d13f6c0f3f4e2035eeed0709a59d4d2da0b662d88,2026-10-03T21:54:09.555693+00:00
GCST002908,study,https://www.ebi.ac.uk/gwas/rest/api/v2/studies/GCST002908,GCST002908-study.json,fa89c5a6976619b19120c76dc421ad7e5556975acae8e406b969ecee7b60901e,2026-10-03T21:54:09.555310+00:00
GCST003019,ancestries,https://www.ebi.ac.uk/gwas/rest/api/v2/studies/GCST003019/ancestries,GCST003019-ancestries.json,d304784b23f127c16f947bcf7cb852e8b34c9da0643af3cbf8cd2adb526124a4,2026-10-03T21:54:10.089659+00:00
GCST003019,study,https://www.ebi.ac.uk/gwas/rest/api/v2/studies/GCST003019,GCST003019-study.json,f2afa16999758d426a770b8696d231d6e2a1486f5bd728df729c844c2ac56c15,2026-10-03T21:54:10.089391+00:00
GCST003020,ancestries,https://www.ebi.ac.uk/gwas/rest/api/v2/studies/GCST003020/ancestries,GCST003020-ancestries.json,79df78176a5108996eb8eda653909f8dc448fa852ac7188e462cd0e9a17490b5,2026-10-03T21:54:10.785137+00:00
GCST003020,study,https://www.ebi.ac.uk/gwas/rest/api/v2/studies/GCST003020,GCST003020-study.json,715b6a41e7f705e87a8a7b40b142a907cab3a47faa8fd932908567bd7ec3de1f,2026-10-03T21:54:10.784549+00:00
GCST003021,ancestries,https://www.ebi.ac.uk/gwas/rest/api/v2/studies/GCST003021/ancestries,GCST003021-ancestries.json,6b8e1e5a4a1e0f449d57084cfdf08d7612f1c6fb417c4f4468683f50435577b9,2026-10-03T21:54:14.009708+00:00
GCST003021,study,https://www.ebi.ac.uk/gwas/rest/api/v2/studies/GCST003021,GCST003021-study.json,c18c8b4855703a3e94ccd4b4cb6e1eccd964050dacb300647295eb38b93f21bd,2026-10-03T21:54:14.009255+00:00
GCST003022,ancestries,https://www.ebi.ac.uk/gwas/rest/api/v2/studies/GCST003022/ancestries,GCST003022-ancestries.json,113030ca9eefae84153d62f2007d13b9286f2410bf04dd0a16192074b4b63f9a,2026-10-03T21:54:14.806386+00:00
GCST003022,study,https://www.ebi.ac.uk/gwas/rest/api/v2/studies/GCST003022,GCST003022-study.json,7a3285324cbcdad2d442f453090aaa5fb27c9f456a9777a689efe5c9beda51bb,2026-10-03T21:54:14.805891+00:00
GCST003023,ancestries,https://www.ebi.ac.uk/gwas/rest/api/v2/studies/GCST003023/ancestries,GCST003023-ancestries.json,36d56d15497889aba23237c98ef91531021276812ddbcff3009cadfa4d384314,2026-10-03T21:54:15.346703+00:00
GCST003023,study,https://www.ebi.ac.uk/gwas/rest/api/v2/studies/GCST003023,GCST003023-study.json,39d41b48ad5a0f1ba8505dddc76b65fa27c069c5b141d5c0d0e9578fe16a7280,2026-10-03T21:54:15.346325+00:00
GCST003474,ancestries,https://www.ebi.ac.uk/gwas/rest/api/v2/studies/GCST003474/ancestries,GCST003474-ancestries.json,e3f1bba6b1375f6ed62f6b4883ec53e26db3ab83f18147597ac4dc757cb75e0e,2026-10-03T21:54:16.026896+00:00
GCST003474,study,https://www.ebi.ac.uk/gwas/rest/api/v2/studies/GCST003474,GCST003474-study.json,4ac0260b87f52e2be3c5ec96103154dbe7d4c63ff95422b00ff3e67693faa159,2026-10-03T21:54:16.026450+00:00
GCST003475,ancestries,https://www.ebi.ac.uk/gwas/rest/api/v2/studies/GCST003475/ancestries,GCST003475-ancestries.json,548b9a7929af761973cc39550fbb644393107caeb83ff0a82fb4c6866e207985,2026-10-03T21:54:19.275321+00:00
GCST003475,study,https://www.ebi.ac.uk/gwas/rest/api/v2/studies/GCST003475,GCST003475-study.json,2e4bd2096d9298d6909b3da5edd995b7cc650266bc093159330acd41e9c8d7b8,2026-10-03T21:54:19.274722+00:00
GCST003476,ancestries,https://www.ebi.ac.uk/gwas/rest/api/v2/studies/GCST003476/ancestries,GCST003476-ancestries.json,a013b1b10e7f6dc5e97ee07177e6657ab586efd88a0c7900dc7f79c6b2959369,2026-10-03T21:54:20.045284+00:00
GCST003476,study,https://www.ebi.ac.uk/gwas/rest/api/v2/studies/GCST003476,GCST003476-study.json,b0a68c5d3eccabafebcf6b4c19317ee7047ee753295ab8ee73868f24ca11ec05,2026-10-03T21:54:20.044108+00:00
GCST003477,ancestries,https://www.ebi.ac.uk/gwas/rest/api/v2/studies/GCST003477/ancestries,GCST003477-ancestries.json,54e2dabc88c4c0122191fea97219a5e61f9f5dca3ae93813f1f2c1dbe67ec9c2,2026-10-03T21:54:20.568051+00:00
GCST003477,study,https://www.ebi.ac.uk/gwas/rest/api/v2/studies/GCST003477,GCST003477-study.json,3e04b9af4c82f9592d2cb2093466f4f5a926fb9af402992f2504da7a7f0b341e,2026-10-03T21:54:20.567706+00:00
GCST003478,ancestries,https://www.ebi.ac.uk/gwas/rest/api/v2/studies/GCST003478/ancestries,GCST003478-ancestries.json,118c0c1b61b51af8284c622c2d96d4a93aeb0ef5dcf2a30b7d0f422d374d158d,2026-10-03T21:54:21.244115+00:00
GCST003478,study,https://www.ebi.ac.uk/gwas/rest/api/v2/studies/GCST003478,GCST003478-study.json,d01f3db8ef986abe1086a6d788df2b12490d8d34419525c050809465c3f589ac,2026-10-03T21:54:21.243461+00:00
GCST003479,ancestries,https://www.ebi.ac.uk/gwas/rest/api/v2/studies/GCST003479/ancestries,GCST003479-ancestries.json,cf429aa55236e9b89229ee6d374cbac404998b6d4216cc71dd5027904ddf6c00,2026-10-03T21:54:24.500129+00:00
GCST003479,study,https://www.ebi.ac.uk/gwas/rest/api/v2/studies/GCST003479,GCST003479-study.json,c5cd9d1231c555ca0f878b42e2203f7946a18a789dafc25199093cafe200f82f,2026-10-03T21:54:24.499451+00:00
GCST003591,ancestries,https://www.ebi.ac.uk/gwas/rest/api/v2/studies/GCST003591/ancestries,GCST003591-ancestries.json,2c58e946d71932a46cb0016f337a51b8c4346fac98979b2e7dc51cf3eefcca03,2026-10-03T21:54:25.283944+00:00
GCST003591,study,https://www.ebi.ac.uk/gwas/rest/api/v2/studies/GCST003591,GCST003591-study.json,90dd7b6ba2b41809312c093fd6abc6723b1f9590f298fd43030500014fc0adb0,2026-10-03T21:54:25.283503+00:00
GCST003996,ancestries,https://www.ebi.ac.uk/gwas/rest/api/v2/studies/GCST003996/ancestries,GCST003996-ancestries.json,9c2715a9ae10101f1689ced0ecc02394be18a2687ff7b9ee27df72665758f076,2026-10-03T21:54:25.915336+00:00
GCST003996,study,https://www.ebi.ac.uk/gwas/rest/api/v2/studies/GCST003996,GCST003996-study.json,194a17f2f2466c922b0b3dd1a04f1ad6c936167678e3f32c969e64ab6fdfb606,2026-10-03T21:54:25.915060+00:00
GCST005093,ancestries,https://www.ebi.ac.uk/gwas/rest/api/v2/studies/GCST005093/ancestries,GCST005093-ancestries.json,e3806a19144db5deb21b20b8f3c360d0d03564a13d8a7b17531700e49b9f9b58,2026-10-03T21:54:26.487006+00:00
GCST005093,study,https://www.ebi.ac.uk/gwas/rest/api/v2/studies/GCST005093,GCST005093-study.json,68fb71afd1a00b4bb424fff68e85875f94d0abdc748c6bb0a17bd44aced8e834,2026-10-03T21:54:26.486615+00:00
GCST005094,ancestries,https://www.ebi.ac.uk/gwas/rest/api/v2/studies/GCST005094/ancestries,GCST005094-ancestries.json,ad5d080b07d28cafd94af5b80863452bb04ac2ce987ed3a546b15aeb8e976248,2026-10-03T21:54:30.003999+00:00
GCST005094,study,https://www.ebi.ac.uk/gwas/rest/api/v2/studies/GCST005094,GCST005094-study.json,8fd64df49d8278a3e4c3c893f458e20a1524800d1000ebe73a1240e11905ecd4,2026-10-03T21:54:30.003641+00:00
GCST005095,ancestries,https://www.ebi.ac.uk/gwas/rest/api/v2/studies/GCST005095/ancestries,GCST005095-ancestries.json,7176cdf57a43cafc81deeaf72f742983700045399275f0d4970881fa4fc37c52,2026-10-03T21:54:30.378446+00:00
GCST005095,study,https://www.ebi.ac.uk/gwas/rest/api/v2/studies/GCST005095,GCST005095-study.json,cb363e3c2c4cc5d38e0ca316532e052830b0d2fa8591ba74431d30617e20d25e,2026-10-03T21:54:30.377894+00:00
GCST005096,ancestries,https://www.ebi.ac.uk/gwas/rest/api/v2/studies/GCST005096/ancestries,GCST005096-ancestries.json,bcc7f9fe87e64ccca8fcd7282db79884c3e38d79510dc5b2399de1191140db2e,2026-10-03T21:54:31.053874+00:00
GCST005096,study,https://www.ebi.ac.uk/gwas/rest/api/v2/studies/GCST005096,GCST005096-study.json,ed045a9f19153d132f285be18e53ddf538e6e5187a3d8b1363da7c0f8b12c217,2026-10-03T21:54:31.052604+00:00
GCST005188,ancestries,https://www.ebi.ac.uk/gwas/rest/api/v2/studies/GCST005188/ancestries,GCST005188-ancestries.json,3d912c5bc20d10e11c65a021239ba5b827d5286184deeb3bb6a9ec8badf52e19,2026-10-03T21:54:31.768814+00:00
GCST005188,study,https://www.ebi.ac.uk/gwas/rest/api/v2/studies/GCST005188,GCST005188-study.json,3b493b8371883460c17591ac218ad243c2803f403c244a875cc1c00d6228d484,2026-10-03T21:54:31.767861+00:00
GCST005189,ancestries,https://www.ebi.ac.uk/gwas/rest/api/v2/studies/GCST005189/ancestries,GCST005189-ancestries.json,3228847d63a090eb57e55bffbf709cb8c141e84495e9a13de557d7a9fc166693,2026-10-03T21:54:35.012788+00:00
GCST005189,study,https://www.ebi.ac.uk/gwas/rest/api/v2/studies/GCST005189,GCST005189-study.json,1c863ae2bc65c48bf802ac3c05ca6e254790dbb7d8865e31f57efdb09f1ae8f4,2026-10-03T21:54:35.011921+00:00
GCST005191,ancestries,https://www.ebi.ac.uk/gwas/rest/api/v2/studies/GCST005191/ancestries,GCST005191-ancestries.json,c8f5d93737cd59a9fc803b63ec9cbc377a7ae5c1c2e7d37f6b461f202cc9862b,2026-10-03T21:54:35.777648+00:00
GCST005191,study,https://www.ebi.ac.uk/gwas/rest/api/v2/studies/GCST005191,GCST005191-study.json,5372cd016fcd24935dd59bf8911e81eaa03da4e0f48317fdb05c00988cb28601,2026-10-03T21:54:35.776519+00:00
GCST005897,ancestries,https://www.ebi.ac.uk/gwas/rest/api/v2/studies/GCST005897/ancestries,GCST005897-ancestries.json,82ac992190df36286adec693ec0cf092f1caec65cf4f70a6a920db4fb12a43f9,2026-10-03T21:54:36.293002+00:00
GCST005897,study,https://www.ebi.ac.uk/gwas/rest/api/v2/studies/GCST005897,GCST005897-study.json,d9e2bfd2e8522e919959c035a34a95ca63ce273b6158446e6e9b54ee0b114a29,2026-10-03T21:54:36.292510+00:00
GCST006075,ancestries,https://www.ebi.ac.uk/gwas/rest/api/v2/studies/GCST006075/ancestries,GCST006075-ancestries.json,465b629da45502f4b359c807b005cde8cadb411d945796049d62631426524c5a,2026-10-03T21:54:37.003220+00:00
GCST006075,study,https://www.ebi.ac.uk/gwas/rest/api/v2/studies/GCST006075,GCST006075-study.json,2506fed9c6992aec1f76210b91c7c837372069a1b8fa8674ade3b45e1a6bed69,2026-10-03T21:54:37.002583+00:00
GCST006091,ancestries,https://www.ebi.ac.uk/gwas/rest/api/v2/studies/GCST006091/ancestries,GCST006091-ancestries.json,acd69240fd4a6e290eee1e26efa6d69586fbec50da3c4d0df58a259d59f15c1f,2026-10-03T21:54:40.231323+00:00
GCST006091,study,https://www.ebi.ac.uk/gwas/rest/api/v2/studies/GCST006091,GCST006091-study.json,011624a6b52490d19a7ab224cb4ad01901f5d95377d3312f496b63f0628527a8,2026-10-03T21:54:40.230949+00:00
GCST006093,ancestries,https://www.ebi.ac.uk/gwas/rest/api/v2/studies/GCST006093/ancestries,GCST006093-ancestries.json,9207fce95b09b4d15f9a6c1018b7f3b373525d51a2330694b348ad3b01721c8d,2026-10-03T21:54:40.870055+00:00
GCST006093,study,https://www.ebi.ac.uk/gwas/rest/api/v2/studies/GCST006093,GCST006093-study.json,964e9a87786ba0821e2584471d877a53fca0d3c0ef3e96a730614e5e8cb2fc5d,2026-10-03T21:54:40.869097+00:00
GCST006094,ancestries,https://www.ebi.ac.uk/gwas/rest/api/v2/studies/GCST006094/ancestries,GCST006094-ancestries.json,681e9e0f23dda7b56499949840f277a8d86fee729d8b3da8cb4bf7d2d3896d55,2026-10-03T21:54:41.534595+00:00
GCST006094,study,https://www.ebi.ac.uk/gwas/rest/api/v2/studies/GCST006094,GCST006094-study.json,b62df35e0c254b9e827969819df448a299ae48557f34fee9f84528ca6f6e6108,2026-10-03T21:54:41.534248+00:00
GCST006095,ancestries,https://www.ebi.ac.uk/gwas/rest/api/v2/studies/GCST006095/ancestries,GCST006095-ancestries.json,e05f30b3f62bb7265e42fc89d2ec4bf162c6d95978e293b728917839a8614529,2026-10-03T21:54:42.218318+00:00
GCST006095,study,https://www.ebi.ac.uk/gwas/rest/api/v2/studies/GCST006095,GCST006095-study.json,f594278f2755037b1f2a61e05cb834521dca8cfd3042a59c6b3099a82b80a75a,2026-10-03T21:54:42.217622+00:00
GCST006468,ancestries,https://www.ebi.ac.uk/gwas/rest/api/v2/studies/GCST006468/ancestries,GCST006468-ancestries.json,1394937913d74976efd9e8a91aa12111ac549048aefb3de95b66daf7dd44c224,2026-10-03T21:54:45.498321+00:00
GCST006468,study,https://www.ebi.ac.uk/gwas/rest/api/v2/studies/GCST006468,GCST006468-study.json,272c0daf8f2339fe56c7981f3be5227521e7aa4a9562a8e03576df14c5362784,2026-10-03T21:54:45.497835+00:00
GCST006706,ancestries,https://www.ebi.ac.uk/gwas/rest/api/v2/studies/GCST006706/ancestries,GCST006706-ancestries.json,9f638eb4967bca199d92879f3edec31ef42e18025418cd92b83c83e0465e260a,2026-10-03T21:54:46.255790+00:00
GCST006706,study,https://www.ebi.ac.uk/gwas/rest/api/v2/studies/GCST006706,GCST006706-study.json,bb0df4b99056e7683bb1f89b6f215559a1a3689a2c5055734bde759c3f3aef0c,2026-10-03T21:54:46.255270+00:00
GCST006986,ancestries,https://www.ebi.ac.uk/gwas/rest/api/v2/studies/GCST006986/ancestries,GCST006986-ancestries.json,3fcd4863ad743580fcb1ac776cd9caa01553e22ca112980648c982dc1a70a698,2026-10-03T21:54:46.927116+00:00
GCST006986,study,https://www.ebi.ac.uk/gwas/rest/api/v2/studies/GCST006986,GCST006986-study.json,85f19f6733c49f4ff459062be30d8a18e12e02f55efca03a7e792ef2fad9856a,2026-10-03T21:54:46.926834+00:00
GCST006988,ancestries,https://www.ebi.ac.uk/gwas/rest/api/v2/studies/GCST006988/ancestries,GCST006988-ancestries.json,2daa35fe371c167c2d57c11e66f48cef97db0ba757ce03bc24cc84f723672ad2,2026-10-03T21:54:47.564846+00:00
GCST006988,study,https://www.ebi.ac.uk/gwas/rest/api/v2/studies/GCST006988,GCST006988-study.json,a233c3dd97bad7a8222972a332f484ae689a58b2925c92a160c2a079abe5f7b0,2026-10-03T21:54:47.564490+00:00
GCST006989,ancestries,https://www.ebi.ac.uk/gwas/rest/api/v2/studies/GCST006989/ancestries,GCST006989-ancestries.json,3a4989cdde9539d1b861da8b29860cd6609bbdc4b97f11c44a2dbba9423a3519,2026-10-03T21:54:50.708935+00:00
GCST006989,study,https://www.ebi.ac.uk/gwas/rest/api/v2/studies/GCST006989,GCST006989-study.json,090e41ed15a185e8c92103d1b95ec6bae8ee9e146b737ddd1f6a3d8bb113e4d8,2026-10-03T21:54:50.708435+00:00
GCST007082,ancestries,https://www.ebi.ac.uk/gwas/rest/api/v2/studies/GCST007082/ancestries,GCST007082-ancestries.json,a48007dd7fd06fa7673a01132ada8160ad5375425e73572a40ad8a606f3375b2,2026-10-03T21:54:51.346070+00:00
GCST007082,study,https://www.ebi.ac.uk/gwas/rest/api/v2/studies/GCST007082,GCST007082-study.json,e0ac1365dcbcf4a8d170ef03788bd068d9f88ea793a590b9a79b7bafd2e08ac9,2026-10-03T21:54:51.345239+00:00
GCST007086,ancestries,https://www.ebi.ac.uk/gwas/rest/api/v2/studies/GCST007086/ancestries,GCST007086-ancestries.json,1d52c962067ce037df727f5fb9f7abd972125e497ddf25176f4acbb77b1b26d8,2026-10-03T21:54:52.077315+00:00
GCST007086,study,https://www.ebi.ac.uk/gwas/rest/api/v2/studies/GCST007086,GCST007086-study.json,524691966b873c93ea255ad330d5ea146d884831cb3e067d013c396985335476,2026-10-03T21:54:52.077120+00:00
GCST007451,ancestries,https://www.ebi.ac.uk/gwas/rest/api/v2/studies/GCST007451/ancestries,GCST007451-ancestries.json,6f3b42ee32952a68fe7c8b20807484d858bfb140056902da9037ce347071d50d,2026-10-03T21:54:52.611224+00:00
GCST007451,study,https://www.ebi.ac.uk/gwas/rest/api/v2/studies/GCST007451,GCST007451-study.json,883e444df13ba8a6e83fee0b620b640a084b9efe1980db3253d1bae4ac740833,2026-10-03T21:54:52.610676+00:00
GCST007452,ancestries,https://www.ebi.ac.uk/gwas/rest/api/v2/studies/GCST007452/ancestries,GCST007452-ancestries.json,d1d6d013b3dc080f49ecbf95a67ceb930edb875a2b0eb2e22d51c145c7928859,2026-10-03T21:54:55.950851+00:00
GCST007452,study,https://www.ebi.ac.uk/gwas/rest/api/v2/studies/GCST007452,GCST007452-study.json,d3d9e2646a7324fbafdb50f3c118a924963a819b7213ad19013afb33edc02664,2026-10-03T21:54:55.950193+00:00
GCST007453,ancestries,https://www.ebi.ac.uk/gwas/rest/api/v2/studies/GCST007453/ancestries,GCST007453-ancestries.json,d0a233b7a9f5ddfd63d619b6a5f2c79dec0e47368d3a53a68a458c738f182f94,2026-10-03T21:54:56.588283+00:00
GCST007453,study,https://www.ebi.ac.uk/gwas/rest/api/v2/studies/GCST007453,GCST007453-study.json,6f8a8496542ac160e262221a8b011cf63139120528aa00022d5d8d3bb97c5d79,2026-10-03T21:54:56.587078+00:00
GCST007454,ancestries,https://www.ebi.ac.uk/gwas/rest/api/v2/studies/GCST007454/ancestries,GCST007454-ancestries.json,2d605f74e6c5bdaf7657513996bd760c4703114efa265191b399bfb0d379b50b,2026-10-03T21:54:57.263575+00:00
GCST007454,study,https://www.ebi.ac.uk/gwas/rest/api/v2/studies/GCST007454,GCST007454-study.json,5c22fa7898fc6e93f774fd8284dffa98af48280d5aa1b73c197b949399c38e9f,2026-10-03T21:54:57.263339+00:00
GCST007455,ancestries,https://www.ebi.ac.uk/gwas/rest/api/v2/studies/GCST007455/ancestries,GCST007455-ancestries.json,3070db6c60f45fcc6846baddaac292d8c6163ca9490a27939c9cbc4399b9606b,2026-10-03T21:54:57.834415+00:00
GCST007455,study,https://www.ebi.ac.uk/gwas/rest/api/v2/studies/GCST007455,GCST007455-study.json,f976214e78b86b04d0b0e2f8d7dab76bac21ce297b6eaae4387acae4c0c4ba76,2026-10-03T21:54:57.833864+00:00
GCST007456,ancestries,https://www.ebi.ac.uk/gwas/rest/api/v2/studies/GCST007456/ancestries,GCST007456-ancestries.json,ac8de1d0d9aae1923d73a5a92e99ca3c77836bf2ac91bf5c55e48e7ca8020675,2026-10-03T21:55:01.192258+00:00
GCST007456,study,https://www.ebi.ac.uk/gwas/rest/api/v2/studies/GCST007456,GCST007456-study.json,6bf4f15139cc05ce49603d609a8e04bd426100e6e7534909a0039e4d9a35ba62,2026-10-03T21:55:01.191755+00:00
GCST007457,ancestries,https://www.ebi.ac.uk/gwas/rest/api/v2/studies/GCST007457/ancestries,GCST007457-ancestries.json,23886b8bc3953570b0786f38db0bc4972ee474971a501d419c50c201d7476633,2026-10-03T21:55:01.823659+00:00
GCST007457,study,https://www.ebi.ac.uk/gwas/rest/api/v2/studies/GCST007457,GCST007457-study.json,dbb8f8ca54672c35cd87f86c4249d7144b272132f00d3a23886770a9bb2da3b5,2026-10-03T21:55:01.823257+00:00
GCST007486,ancestries,https://www.ebi.ac.uk/gwas/rest/api/v2/studies/GCST007486/ancestries,GCST007486-ancestries.json,14c1a89e709f51df53cf1ea91d82e6f0294c2ed861092e8f48562b0b49fefb3d,2026-10-03T21:55:02.506131+00:00
GCST007486,study,https://www.ebi.ac.uk/gwas/rest/api/v2/studies/GCST007486,GCST007486-study.json,11fa118c9a56a039bea740a4421b95d6542c0e5db3220e9c745de88ac3f91fde,2026-10-03T21:55:02.505833+00:00
GCST007488,ancestries,https://www.ebi.ac.uk/gwas/rest/api/v2/studies/GCST007488/ancestries,GCST007488-ancestries.json,892ec29f0c6d0fbc018bb964cb6f4955b1a92a306a9a1704c5da606cee5e121d,2026-10-03T21:55:03.066662+00:00
GCST007488,study,https://www.ebi.ac.uk/gwas/rest/api/v2/studies/GCST007488,GCST007488-study.json,a9e2458e5aecc41f40db5f3cb6ec7c4c0f6ba426da4a33772286391c20ac16f2,2026-10-03T21:55:03.066039+00:00
GCST007489,ancestries,https://www.ebi.ac.uk/gwas/rest/api/v2/studies/GCST007489/ancestries,GCST007489-ancestries.json,2a4c437201b5ed640349a097c97472c6a1ebc56b91e86442e388a76316c5b27c,2026-10-03T21:55:06.338715+00:00
GCST007489,study,https://www.ebi.ac.uk/gwas/rest/api/v2/studies/GCST007489,GCST007489-study.json,0ae431310553f1b60757d2dcbbd7fbb3f731bd947bea19cb531b95fcffbe7fc2,2026-10-03T21:55:06.337878+00:00
GCST007739,ancestries,https://www.ebi.ac.uk/gwas/rest/api/v2/studies/GCST007739/ancestries,GCST007739-ancestries.json,a9a37b73026058e1fa8fa1177b85ba0ec96570923b4f59c3aa41db663092124b,2026-10-03T21:55:07.079756+00:00
GCST007739,study,https://www.ebi.ac.uk/gwas/rest/api/v2/studies/GCST007739,GCST007739-study.json,534a845b6c86818abfc2d73df86d3edc5dd6e5e1522c8d0ae1c3e3659625f55b,2026-10-03T21:55:07.078766+00:00
GCST007740,ancestries,https://www.ebi.ac.uk/gwas/rest/api/v2/studies/GCST007740/ancestries,GCST007740-ancestries.json,3f8e3ffa6527a34ec93248d9e1752a967780522bb25537573b64e470519f3f88,2026-10-03T21:55:07.748537+00:00
GCST007740,study,https://www.ebi.ac.uk/gwas/rest/api/v2/studies/GCST007740,GCST007740-study.json,48bacbb8c2834a49d7bc6143e6eddf1b5dfb3982210ed31826ec22d0930c76f8,2026-10-03T21:55:07.748337+00:00
GCST007741,ancestries,https://www.ebi.ac.uk/gwas/rest/api/v2/studies/GCST007741/ancestries,GCST007741-ancestries.json,ee9c67b860bd013c968c6972bcbd90d41dc939002fe9550bddfb9b14ef426f6e,2026-10-03T21:55:08.305613+00:00
GCST007741,study,https://www.ebi.ac.uk/gwas/rest/api/v2/studies/GCST007741,GCST007741-study.json,20aac60d53605eb51f85b9f5295cf235086f17b7e672bd17f498deaac3fae0fb,2026-10-03T21:55:08.304989+00:00
GCST007742,ancestries,https://www.ebi.ac.uk/gwas/rest/api/v2/studies/GCST007742/ancestries,GCST007742-ancestries.json,f317e0ed4716f8598613ff8b0cd41a9325997527b57306d530f87558d4c8e45b,2026-10-03T21:55:11.580575+00:00
GCST007742,study,https://www.ebi.ac.uk/gwas/rest/api/v2/studies/GCST007742,GCST007742-study.json,d4eb6796d59580c1e963daf3ac5b26bdbd2e30391943c18c801d267cdb059c77,2026-10-03T21:55:11.579790+00:00
GCST007743,ancestries,https://www.ebi.ac.uk/gwas/rest/api/v2/studies/GCST007743/ancestries,GCST007743-ancestries.json,21d92b4a46f3bf1329be565c9b94b9bbd7a2e364ae6fb6f68c21e8455b7ad811,2026-10-03T21:55:12.219736+00:00
GCST007743,study,https://www.ebi.ac.uk/gwas/rest/api/v2/studies/GCST007743,GCST007743-study.json,86046374c12dc5bfc57ebbfd3d13c22752215bf32a43772d237348e85fe7c517,2026-10-03T21:55:12.219134+00:00
GCST008516,ancestries,https://www.ebi.ac.uk/gwas/rest/api/v2/studies/GCST008516/ancestries,GCST008516-ancestries.json,841cdc470c83813b9cf1d398be90b1435fda4670a096ca73e77ee7812e4a4e82,2026-10-03T21:55:12.991075+00:00
GCST008516,study,https://www.ebi.ac.uk/gwas/rest/api/v2/studies/GCST008516,GCST008516-study.json,c804ae3e75f27a1a7954dc7e62b10978ed8e3ba5d81fc5cb35fa6fef8c4915eb,2026-10-03T21:55:12.990720+00:00
GCST008518,ancestries,https://www.ebi.ac.uk/gwas/rest/api/v2/studies/GCST008518/ancestries,GCST008518-ancestries.json,a0f778ddd30feeb3cfa92ad517a6e8ea723f550857905ddb5aaa0ebb5da7dacd,2026-10-03T21:55:13.603480+00:00
GCST008518,study,https://www.ebi.ac.uk/gwas/rest/api/v2/studies/GCST008518,GCST008518-study.json,929e39345809a219752c529a7b8506bc7177e14c5c46fc99bac431f3c3e59cf9,2026-10-03T21:55:13.602959+00:00
GCST008519,ancestries,https://www.ebi.ac.uk/gwas/rest/api/v2/studies/GCST008519/ancestries,GCST008519-ancestries.json,d64cef54ef5cccbb24531cb6ad690ea0d00b4d40cbecc7c4d3f015b21ba63539,2026-10-03T21:55:16.922022+00:00
GCST008519,study,https://www.ebi.ac.uk/gwas/rest/api/v2/studies/GCST008519,GCST008519-study.json,8c98cc1603497975498f772b60e5e8422a998f0d216e727d0f531add57cb9001,2026-10-03T21:55:16.920828+00:00
GCST010302,ancestries,https://www.ebi.ac.uk/gwas/rest/api/v2/studies/GCST010302/ancestries,GCST010302-ancestries.json,23ab0e525f1d70b4b7fcd4385d57a48791deffd2258c0cb81457c1b15a0a4df3,2026-10-03T21:55:17.491425+00:00
GCST010302,study,https://www.ebi.ac.uk/gwas/rest/api/v2/studies/GCST010302,GCST010302-study.json,c7be64290ad43e613e41a23e6ff043e629f1954d0897826fa1295033438e87bf,2026-10-03T21:55:17.490008+00:00
GCST011355,ancestries,https://www.ebi.ac.uk/gwas/rest/api/v2/studies/GCST011355/ancestries,GCST011355-ancestries.json,991508a0e54eb4884bbc33465806fe064673323d8f60dd137945b399d686f42c,2026-10-03T21:55:18.238230+00:00
GCST011355,study,https://www.ebi.ac.uk/gwas/rest/api/v2/studies/GCST011355,GCST011355-study.json,2193767bc8f19620d1ff80d9ec9cc4c083b35463eeccd60cabb154e807300941,2026-10-03T21:55:18.237730+00:00
GCST011640,ancestries,https://www.ebi.ac.uk/gwas/rest/api/v2/studies/GCST011640/ancestries,GCST011640-ancestries.json,4970ffa1a52bd871445ba9e03d4650f50e092becb04be57098692f26258f6eff,2026-10-03T21:55:18.764865+00:00
GCST011640,study,https://www.ebi.ac.uk/gwas/rest/api/v2/studies/GCST011640,GCST011640-study.json,3aeaedd921aabfeab9da4fdfdddaf66bed3e505189ea0752e158411132705297,2026-10-03T21:55:18.763904+00:00
GCST011641,ancestries,https://www.ebi.ac.uk/gwas/rest/api/v2/studies/GCST011641/ancestries,GCST011641-ancestries.json,b9962a72f7f5521814b4daa3950eb6f65b44afd33586c129b65b82fb3335ea71,2026-10-03T21:55:22.088490+00:00
GCST011641,study,https://www.ebi.ac.uk/gwas/rest/api/v2/studies/GCST011641,GCST011641-study.json,34966a742252fa7d4f0d7c08ced7bd374faea23c0e397ad30df93b7b95cafa8d,2026-10-03T21:55:22.088017+00:00
GCST012219,ancestries,https://www.ebi.ac.uk/gwas/rest/api/v2/studies/GCST012219/ancestries,GCST012219-ancestries.json,7a1d046f58e569b7289f1d6b0bac460f1d3010aef9a6358f2f1fe327dc02ee36,2026-10-03T21:55:22.789732+00:00
GCST012219,study,https://www.ebi.ac.uk/gwas/rest/api/v2/studies/GCST012219,GCST012219-study.json,cc5439f99d56da94c806148acac75cd305dd1d0c5c80c1f596c07d9e6dee4b29,2026-10-03T21:55:22.788987+00:00
GCST90002283,ancestries,https://www.ebi.ac.uk/gwas/rest/api/v2/studies/GCST90002283/ancestries,GCST90002283-ancestries.json,f5ea578e0f343a4e3dea72c26eb0c49ee6ecd43a9e8148ad4e20d3bb99d052a9,2026-10-03T21:55:23.521862+00:00
GCST90002283,study,https://www.ebi.ac.uk/gwas/rest/api/v2/studies/GCST90002283,GCST90002283-study.json,951866565b60217f569ad7c7200ce6dfbc27f50b72416f2027e74a0c8438dc85,2026-10-03T21:55:23.521686+00:00
GCST90002284,ancestries,https://www.ebi.ac.uk/gwas/rest/api/v2/studies/GCST90002284/ancestries,GCST90002284-ancestries.json,79ac069dee00e87d783369d7d07a68e8bffec69195832a731ff196f31c33d0b5,2026-10-03T21:55:24.006119+00:00
GCST90002284,study,https://www.ebi.ac.uk/gwas/rest/api/v2/studies/GCST90002284,GCST90002284-study.json,3a06e9559044b8f1d6fb104a8c6f1b7d599731e6710d9413b6f13233099f2b5a,2026-10-03T21:55:24.005534+00:00
GCST90020054,ancestries,https://www.ebi.ac.uk/gwas/rest/api/v2/studies/GCST90020054/ancestries,GCST90020054-ancestries.json,f7e65542453dc142d14cb7538fb7ae508932d25f816c53647d79eccd2b59ab25,2026-10-03T21:55:27.340595+00:00
GCST90020054,study,https://www.ebi.ac.uk/gwas/rest/api/v2/studies/GCST90020054,GCST90020054-study.json,48e1e12acbfb6b5b5d0eb1b4776e6a8f8de162ab3c91a6585c5e185ae96b866b,2026-10-03T21:55:27.339678+00:00
GCST90020056,ancestries,https://www.ebi.ac.uk/gwas/rest/api/v2/studies/GCST90020056/ancestries,GCST90020056-ancestries.json,c7ae7dbdba8e1392506a02decf4b2509b4f1f0d11eb0034c4cd8c3f413984dce,2026-10-03T21:55:27.990054+00:00
GCST90020056,study,https://www.ebi.ac.uk/gwas/rest/api/v2/studies/GCST90020056,GCST90020056-study.json,10ddb60c1e19260b10ad22d5e20d9f0f7a6b391ea1b1d98ef5f13b8550f49f0a,2026-10-03T21:55:27.989113+00:00
GCST90026488,ancestries,https://www.ebi.ac.uk/gwas/rest/api/v2/studies/GCST90026488/ancestries,GCST90026488-ancestries.json,619f78d4a49955a3d32ed0afe1bd352d536a07582653486558b0dc5eeaf79b1b,2026-10-03T21:55:28.571650+00:00
GCST90026488,study,https://www.ebi.ac.uk/gwas/rest/api/v2/studies/GCST90026488,GCST90026488-study.json,fcb05d02acfdbc769c028c58a2e90b966374842347beafec2c1a4eeda2725fa5,2026-10-03T21:55:28.571284+00:00
GCST90026489,ancestries,https://www.ebi.ac.uk/gwas/rest/api/v2/studies/GCST90026489/ancestries,GCST90026489-ancestries.json,4776905fd12c6537e13fb47bfdb1ab83ba8ead5dd1e889c5763a5f6b2c47035b,2026-10-03T21:55:29.247051+00:00
GCST90026489,study,https://www.ebi.ac.uk/gwas/rest/api/v2/studies/GCST90026489,GCST90026489-study.json,976e0ce01fd9cfa7bffec7a9a0d83962d281bea6bc108ee679dc2f408736bea6,2026-10-03T21:55:29.246486+00:00
GCST90026490,ancestries,https://www.ebi.ac.uk/gwas/rest/api/v2/studies/GCST90026490/ancestries,GCST90026490-ancestries.json,8cf4324e56982716919e253ea7cc09da8d8a0cb150234c543dc0f81258e99602,2026-10-03T21:55:32.555011+00:00
GCST90026490,study,https://www.ebi.ac.uk/gwas/rest/api/v2/studies/GCST90026490,GCST90026490-study.json,07fbfa29b4a06bcd545e0d92ec76ca4379bbf5178cdfa8d5fbdbd04ea1b2d700,2026-10-03T21:55:32.553616+00:00
GCST90026491,ancestries,https://www.ebi.ac.uk/gwas/rest/api/v2/studies/GCST90026491/ancestries,GCST90026491-ancestries.json,a738bf37d2f733e24762eb25b16a570abdd729e7308d5396d6159b397a07f16e,2026-10-03T21:55:33.177464+00:00
GCST90026491,study,https://www.ebi.ac.uk/gwas/rest/api/v2/studies/GCST90026491,GCST90026491-study.json,6f1bacbe234ea56fb16cf50c951b93a17419a40c7983f4033021fb1be7a2389e,2026-10-03T21:55:33.177146+00:00
GCST90041836,ancestries,https://www.ebi.ac.uk/gwas/rest/api/v2/studies/GCST90041836/ancestries,GCST90041836-ancestries.json,06c797b74cbb0436fcea945221648747f8636bfb1849c63eb8bc031ab58e92a1,2026-10-03T21:55:33.822656+00:00
GCST90041836,study,https://www.ebi.ac.uk/gwas/rest/api/v2/studies/GCST90041836,GCST90041836-study.json,abbc67433f8bbed87ab96dd5838de717c4d8e90a57b5ab5e3b6a915ade735dd4,2026-10-03T21:55:33.821907+00:00
GCST90041837,ancestries,https://www.ebi.ac.uk/gwas/rest/api/v2/studies/GCST90041837/ancestries,GCST90041837-ancestries.json,e06b934968295cd1a0d1284ed63408fc275b3569c90cc3508086d075e788b4e7,2026-10-03T21:55:34.494455+00:00
GCST90041837,study,https://www.ebi.ac.uk/gwas/rest/api/v2/studies/GCST90041837,GCST90041837-study.json,3dd8f55c4d7bd12f0871dcfe3cbb91f5d8d0d99f34a99f7c5e9b836ab6d182c3,2026-10-03T21:55:34.493803+00:00
GCST90041838,ancestries,https://www.ebi.ac.uk/gwas/rest/api/v2/studies/GCST90041838/ancestries,GCST90041838-ancestries.json,f944eab94a2e4f482eae09df0e3f4eec1a463b5420d72e19e1d433b4e9b9213e,2026-10-03T21:55:37.814910+00:00
GCST90041838,study,https://www.ebi.ac.uk/gwas/rest/api/v2/studies/GCST90041838,GCST90041838-study.json,eb40140ffadb95eb16a3de38f0c1fa1e481c30d491d8989b20f1d7a06550785c,2026-10-03T21:55:37.814628+00:00
GCST90041839,ancestries,https://www.ebi.ac.uk/gwas/rest/api/v2/studies/GCST90041839/ancestries,GCST90041839-ancestries.json,dc6871194c6bc949816e0ca2c697875fca93c24b6a04bee91aa4270b9b97b6a0,2026-10-03T21:55:38.427347+00:00
GCST90041839,study,https://www.ebi.ac.uk/gwas/rest/api/v2/studies/GCST90041839,GCST90041839-study.json,8edd50ea52c09543be0c7d884dfbaab49d6776ab8596679b107dc37f479aeb08,2026-10-03T21:55:38.426528+00:00
GCST90041840,ancestries,https://www.ebi.ac.uk/gwas/rest/api/v2/studies/GCST90041840/ancestries,GCST90041840-ancestries.json,63f66c952760f3a9402e213d5ed20794cffe5bcc15b6ade1f7aa84212e905f5c,2026-10-03T21:55:39.071242+00:00
GCST90041840,study,https://www.ebi.ac.uk/gwas/rest/api/v2/studies/GCST90041840,GCST90041840-study.json,246d7f959f74423aa94398a664471b79809b80168904a02c0084c5fc2a661c83,2026-10-03T21:55:39.070848+00:00
GCST90077597,ancestries,https://www.ebi.ac.uk/gwas/rest/api/v2/studies/GCST90077597/ancestries,GCST90077597-ancestries.json,2e6ffc913f810c4ae2832dfc23685881226ac87dc36d91e6dbfd55c6c325d8e9,2026-10-03T21:55:39.734128+00:00
GCST90077597,study,https://www.ebi.ac.uk/gwas/rest/api/v2/studies/GCST90077597,GCST90077597-study.json,c124d41276459b88b91930fa72e65a83cb20b7e585c625d3c084841e1b28634a,2026-10-03T21:55:39.733658+00:00
GCST90077598,ancestries,https://www.ebi.ac.uk/gwas/rest/api/v2/studies/GCST90077598/ancestries,GCST90077598-ancestries.json,40316e8ab5747646518f99f12d94be9c5d423e6203d7effe25db3658daa8ace6,2026-10-03T21:55:43.109770+00:00
GCST90077598,study,https://www.ebi.ac.uk/gwas/rest/api/v2/studies/GCST90077598,GCST90077598-study.json,90ff59a56243c6c77cfd96a1f3ea70d92796035075c4659de5fd22a1c33cfd2f,2026-10-03T21:55:43.109303+00:00
GCST90077599,ancestries,https://www.ebi.ac.uk/gwas/rest/api/v2/studies/GCST90077599/ancestries,GCST90077599-ancestries.json,2392a7848a6cda1946290b487160385b22fa3d09aa49863d08f2cde0ba033d49,2026-10-03T21:55:43.667410+00:00
GCST90077599,study,https://www.ebi.ac.uk/gwas/rest/api/v2/studies/GCST90077599,GCST90077599-study.json,f5daca4e16443344b85011a19e82f09c11cfe19a10a06eb487df9658e0fdc32a,2026-10-03T21:55:43.666814+00:00
GCST90077600,ancestries,https://www.ebi.ac.uk/gwas/rest/api/v2/studies/GCST90077600/ancestries,GCST90077600-ancestries.json,92e2cdcec40c08cf63952f326f3ff44d66eeb2a323705e2ecf5c50c9529460e5,2026-10-03T21:55:44.297993+00:00
GCST90077600,study,https://www.ebi.ac.uk/gwas/rest/api/v2/studies/GCST90077600,GCST90077600-study.json,8f63e3973183e83c51a2fa1023fc6e62cdda522a0b2bf3f7a07010e591b163d6,2026-10-03T21:55:44.297727+00:00
GCST90077602,ancestries,https://www.ebi.ac.uk/gwas/rest/api/v2/studies/GCST90077602/ancestries,GCST90077602-ancestries.json,c51d2a26b6e8c1f93020af37a32b2f84f6128d6b82befa6f386576a5e26a87f8,2026-10-03T21:55:44.978719+00:00
GCST90077602,study,https://www.ebi.ac.uk/gwas/rest/api/v2/studies/GCST90077602,GCST90077602-study.json,894da9a70a899ace8106856a146e9bc4f32900964c5aaef03ffbb73591bbc4a0,2026-10-03T21:55:44.978028+00:00
GCST90077603,ancestries,https://www.ebi.ac.uk/gwas/rest/api/v2/studies/GCST90077603/ancestries,GCST90077603-ancestries.json,1c9485990d858e3da5427a703f03e0cfc01cf9ce51b527ebd196a23177791e4e,2026-10-03T21:55:48.239205+00:00
GCST90077603,study,https://www.ebi.ac.uk/gwas/rest/api/v2/studies/GCST90077603,GCST90077603-study.json,6d4577e0a9eca31db6d8d2977a84b9fe3f27bd5f545e43108a854ec213a86070,2026-10-03T21:55:48.238204+00:00
GCST90077604,ancestries,https://www.ebi.ac.uk/gwas/rest/api/v2/studies/GCST90077604/ancestries,GCST90077604-ancestries.json,295d169828bb6d90e3aba1eb652199a393c439c9fc51eb25df2821a7971ab365,2026-10-03T21:55:48.942141+00:00
GCST90077604,study,https://www.ebi.ac.uk/gwas/rest/api/v2/studies/GCST90077604,GCST90077604-study.json,10c48bcbefa8e471a4a844f6291b0dc0090efcede66f90a64bd1bb14feaeebd4,2026-10-03T21:55:48.940988+00:00
GCST90077605,ancestries,https://www.ebi.ac.uk/gwas/rest/api/v2/studies/GCST90077605/ancestries,GCST90077605-ancestries.json,3a8510a0ed15783a1f9ac343175099d44a9af5db936c6015f8c5fcf4d6a2af79,2026-10-03T21:55:49.574926+00:00
GCST90077605,study,https://www.ebi.ac.uk/gwas/rest/api/v2/studies/GCST90077605,GCST90077605-study.json,f0619b29647f4cc22a38f49d35ef239ac055fb0cf822d038e46c69150267e5d8,2026-10-03T21:55:49.574625+00:00
GCST90077606,ancestries,https://www.ebi.ac.uk/gwas/rest/api/v2/studies/GCST90077606/ancestries,GCST90077606-ancestries.json,5e9e385084980e8028cbfc243af5bf767906f86c44d35db386114f3a134ee77b,2026-10-03T21:55:50.222106+00:00
GCST90077606,study,https://www.ebi.ac.uk/gwas/rest/api/v2/studies/GCST90077606,GCST90077606-study.json,85ed4858a46f7e9e624f000e0ab21afa8e6edcf50422c43ccdfe422b4ba10e48,2026-10-03T21:55:50.221381+00:00
GCST90077607,ancestries,https://www.ebi.ac.uk/gwas/rest/api/v2/studies/GCST90077607/ancestries,GCST90077607-ancestries.json,c95a283a42c3b9cc0ac99cf0c60b1f209499f3ac7123ece31d6c0fbf311d4435,2026-10-03T21:55:53.432261+00:00
GCST90077607,study,https://www.ebi.ac.uk/gwas/rest/api/v2/studies/GCST90077607,GCST90077607-study.json,5a727adba82c3511c4df13a6d453f6e78df9e2c84ab7a1bc9b4090b4e16ecb82,2026-10-03T21:55:53.431581+00:00
GCST90077608,ancestries,https://www.ebi.ac.uk/gwas/rest/api/v2/studies/GCST90077608/ancestries,GCST90077608-ancestries.json,38ced83b81fe43061b858ceb3dddc61fef94c88eb73bfdb15d9bb42c0dba4a24,2026-10-03T21:55:54.163949+00:00
GCST90077608,study,https://www.ebi.ac.uk/gwas/rest/api/v2/studies/GCST90077608,GCST90077608-study.json,577d1a519c4e386445d0a1e8f76e36b902e1243e365a643bb2d0e1f19bfa3e2c,2026-10-03T21:55:54.163443+00:00
GCST90077609,ancestries,https://www.ebi.ac.uk/gwas/rest/api/v2/studies/GCST90077609/ancestries,GCST90077609-ancestries.json,b3731e7531af3c0ea6b2f0ae4f81ea860752a3dc65f4667fa780a162e38e7c3c,2026-10-03T21:55:54.781258+00:00
GCST90077609,study,https://www.ebi.ac.uk/gwas/rest/api/v2/studies/GCST90077609,GCST90077609-study.json,7d7f8eb47f2efa0d664102a5ab6af8a28948d3a7b3f309c2fcb7c0439349bd9d,2026-10-03T21:55:54.780936+00:00
GCST90077610,ancestries,https://www.ebi.ac.uk/gwas/rest/api/v2/studies/GCST90077610/ancestries,GCST90077610-ancestries.json,353bc98f8d8c57d072f4abbc7ae1d3ae8969e1c45749c0d05a7f4870ede73a4f,2026-10-03T21:55:55.464580+00:00
GCST90077610,study,https://www.ebi.ac.uk/gwas/rest/api/v2/studies/GCST90077610,GCST90077610-study.json,ed31c65b63d95781a8b93e13361104e25db0ba597cf76a00d55dc349d6dc2ddb,2026-10-03T21:55:55.463872+00:00
GCST90095476,ancestries,https://www.ebi.ac.uk/gwas/rest/api/v2/studies/GCST90095476/ancestries,GCST90095476-ancestries.json,f4d457e1c1d2bc9b6224ada7e67a12a8227be605975983b8d27792581c9bcc64,2026-10-03T21:55:58.654827+00:00
GCST90095476,study,https://www.ebi.ac.uk/gwas/rest/api/v2/studies/GCST90095476,GCST90095476-study.json,b169e8bcc6d2f7fd047d32d82d972e6628666031291f5bb14e22dc3e90a3d60f,2026-10-03T21:55:58.654463+00:00
GCST90095477,ancestries,https://www.ebi.ac.uk/gwas/rest/api/v2/studies/GCST90095477/ancestries,GCST90095477-ancestries.json,340c7d63de74a0935101a16670cbdb0f82b4e77067d57f6b922adff18768582e,2026-10-03T21:55:59.307260+00:00
GCST90095477,study,https://www.ebi.ac.uk/gwas/rest/api/v2/studies/GCST90095477,GCST90095477-study.json,cb4f731aba253773ff4b22b60ab9951660396e282d29a5a206a416ff349f5f60,2026-10-03T21:55:59.306659+00:00
GCST90095478,ancestries,https://www.ebi.ac.uk/gwas/rest/api/v2/studies/GCST90095478/ancestries,GCST90095478-ancestries.json,542c587bbc03a7e447433f6e0e04ff7a0b403890d392153461e4f9ee4bd56f1c,2026-10-03T21:56:00.022108+00:00
GCST90095478,study,https://www.ebi.ac.uk/gwas/rest/api/v2/studies/GCST90095478,GCST90095478-study.json,11726d12e5d330f0f83da605703a64056f2d70664759bcbf3846fb11691296d7,2026-10-03T21:56:00.021647+00:00
GCST90100219,ancestries,https://www.ebi.ac.uk/gwas/rest/api/v2/studies/GCST90100219/ancestries,GCST90100219-ancestries.json,af7168db034f29915604a622564a86f5250aabba67e02f28b25199a79d34d63b,2026-10-03T21:56:00.718007+00:00
GCST90100219,study,https://www.ebi.ac.uk/gwas/rest/api/v2/studies/GCST90100219,GCST90100219-study.json,07bb424426afb5de25b1ad423d465f2919bbb879d0000ad015e21a199da7030e,2026-10-03T21:56:00.717314+00:00
GCST90104590,ancestries,https://www.ebi.ac.uk/gwas/rest/api/v2/studies/GCST90104590/ancestries,GCST90104590-ancestries.json,f5c25ea47d89541e92e3c98276475a7c425a9804fbdff0231ac7690474558f0d,2026-10-03T21:56:04.006993+00:00
GCST90104590,study,https://www.ebi.ac.uk/gwas/rest/api/v2/studies/GCST90104590,GCST90104590-study.json,b45db784a2e3fa4382f45b52ec183f1f66ae537ffc7b0b2cef79919759a99e21,2026-10-03T21:56:04.006776+00:00
GCST90104591,ancestries,https://www.ebi.ac.uk/gwas/rest/api/v2/studies/GCST90104591/ancestries,GCST90104591-ancestries.json,4f7e610ab40d8cc641b495ceb3d6f80d0a3cd65342e0e60447599aefeb72609f,2026-10-03T21:56:04.541259+00:00
GCST90104591,study,https://www.ebi.ac.uk/gwas/rest/api/v2/studies/GCST90104591,GCST90104591-study.json,346f0cb54b1892f79a7f165c258daf477ad9750e1914eb9335d1ffd5b6f2639f,2026-10-03T21:56:04.540833+00:00
GCST90134452,ancestries,https://www.ebi.ac.uk/gwas/rest/api/v2/studies/GCST90134452/ancestries,GCST90134452-ancestries.json,9e0c9205a998436ac0333948abbfbea0638579dd9491f452ba8187fc8fd890f4,2026-10-03T21:56:05.269154+00:00
GCST90134452,study,https://www.ebi.ac.uk/gwas/rest/api/v2/studies/GCST90134452,GCST90134452-study.json,1d32d813b737b0b467ddaceaba297e5778fd75e1071bc74548f441f676e4f452,2026-10-03T21:56:05.268750+00:00
GCST90146356,ancestries,https://www.ebi.ac.uk/gwas/rest/api/v2/studies/GCST90146356/ancestries,GCST90146356-ancestries.json,59c6380e4d31d06254fe5f9d3ad755778e13ad0af598ea22bcdd1ebda5ab4f9f,2026-10-03T21:56:05.951061+00:00
GCST90146356,study,https://www.ebi.ac.uk/gwas/rest/api/v2/studies/GCST90146356,GCST90146356-study.json,c5d94cc3184acb2ee877a441acabf4bd94159cd610eeb967e077c19053e09d30,2026-10-03T21:56:05.950283+00:00
GCST90146360,ancestries,https://www.ebi.ac.uk/gwas/rest/api/v2/studies/GCST90146360/ancestries,GCST90146360-ancestries.json,1c02c48649352f87c9ef31f5e71be5bd4dde0512e70cc82fea5a3eb7e5a6dccc,2026-10-03T21:56:09.145307+00:00
GCST90146360,study,https://www.ebi.ac.uk/gwas/rest/api/v2/studies/GCST90146360,GCST90146360-study.json,615bff8f7350ab80a2c78ebf6ee822172174893150aed200984977f875f037af,2026-10-03T21:56:09.144806+00:00
GCST90246327,ancestries,https://www.ebi.ac.uk/gwas/rest/api/v2/studies/GCST90246327/ancestries,GCST90246327-ancestries.json,df3c2cd63eeb0fc5314d04c6b67e24a3c1080ce7b128e4f3628d7a200c4dbb18,2026-10-03T21:56:09.779740+00:00
GCST90246327,study,https://www.ebi.ac.uk/gwas/rest/api/v2/studies/GCST90246327,GCST90246327-study.json,c7255e5579398e3b9b8611ae580b66d9b4934ef0790880fb0d87df2fd07f87c5,2026-10-03T21:56:09.778897+00:00
GCST90255681,ancestries,https://www.ebi.ac.uk/gwas/rest/api/v2/studies/GCST90255681/ancestries,GCST90255681-ancestries.json,794f9ceaf09fbabdd74150ac686c378bf31840b9b9cd5dd80a582503eec24d12,2026-10-03T21:56:10.501019+00:00
GCST90255681,study,https://www.ebi.ac.uk/gwas/rest/api/v2/studies/GCST90255681,GCST90255681-study.json,8bfcda2057a4704564779209e435861fd920b8d23e494aacd7f89e568b500e63,2026-10-03T21:56:10.500532+00:00
GCST90255682,ancestries,https://www.ebi.ac.uk/gwas/rest/api/v2/studies/GCST90255682/ancestries,GCST90255682-ancestries.json,bfe352d748b2b183b20716173cc52b3db6d97991c71bac3aabfaa1881a899e89,2026-10-03T21:56:11.192539+00:00
GCST90255682,study,https://www.ebi.ac.uk/gwas/rest/api/v2/studies/GCST90255682,GCST90255682-study.json,d1809ae9f9abd76a350c0bd61de312bf8fdc3bf80044eee43c6cd4c29704ae3b,2026-10-03T21:56:11.192070+00:00
GCST90255683,ancestries,https://www.ebi.ac.uk/gwas/rest/api/v2/studies/GCST90255683/ancestries,GCST90255683-ancestries.json,3a9bb0267763e6f7b4134fd7ab016a70ed17a09aee3ef83e4f2aeacfeb15686b,2026-10-03T21:56:14.351615+00:00
GCST90255683,study,https://www.ebi.ac.uk/gwas/rest/api/v2/studies/GCST90255683,GCST90255683-study.json,7379ce51fc57c3efcbab33d3c7dccd4463acaad79401d5d1380de0c3270e77b4,2026-10-03T21:56:14.351187+00:00
GCST90255684,ancestries,https://www.ebi.ac.uk/gwas/rest/api/v2/studies/GCST90255684/ancestries,GCST90255684-ancestries.json,b4161f7aaa563c082d55ac85b23c802af06f96d632e694b802d29007cfdd78b3,2026-10-03T21:56:15.019982+00:00
GCST90255684,study,https://www.ebi.ac.uk/gwas/rest/api/v2/studies/GCST90255684,GCST90255684-study.json,be836d4a578be23473d7ac48e226b86fe297058abcc4f17b1ed0db6150539a82,2026-10-03T21:56:15.019462+00:00
GCST90255685,ancestries,https://www.ebi.ac.uk/gwas/rest/api/v2/studies/GCST90255685/ancestries,GCST90255685-ancestries.json,c5fc1b9a69d21b43ad5e61245677a76a3be078c472392a5b2424b73a6e16ee80,2026-10-03T21:56:15.653461+00:00
GCST90255685,study,https://www.ebi.ac.uk/gwas/rest/api/v2/studies/GCST90255685,GCST90255685-study.json,846ed85dafbdc63df794c9abeb04a9a78996277789b560e0f2b2390327d8dd46,2026-10-03T21:56:15.653087+00:00
GCST90255686,ancestries,https://www.ebi.ac.uk/gwas/rest/api/v2/studies/GCST90255686/ancestries,GCST90255686-ancestries.json,f7f025e1a816523777b84d7f35bf91058da0dce58953c9aa2bcdf8c2cb4438c2,2026-10-03T21:56:16.436106+00:00
GCST90255686,study,https://www.ebi.ac.uk/gwas/rest/api/v2/studies/GCST90255686,GCST90255686-study.json,d8091252eb450430949a7b1b0177babfbcf9f84637a19db77e3d00f236f2fcc0,2026-10-03T21:56:16.435682+00:00
GCST90255687,ancestries,https://www.ebi.ac.uk/gwas/rest/api/v2/studies/GCST90255687/ancestries,GCST90255687-ancestries.json,229139820d2f589683817d9ec022c911ad9c007a07515e466d39be4f79e824dd,2026-10-03T21:56:19.583647+00:00
GCST90255687,study,https://www.ebi.ac.uk/gwas/rest/api/v2/studies/GCST90255687,GCST90255687-study.json,7e91747903887c525511e4e7a00b274ebd09620273844f0da9589748906416e3,2026-10-03T21:56:19.582821+00:00
GCST90255688,ancestries,https://www.ebi.ac.uk/gwas/rest/api/v2/studies/GCST90255688/ancestries,GCST90255688-ancestries.json,5000d4ac4837cb3d89642f82d31c2f77d2d6a3b87d4644fe35cd953237873f1f,2026-10-03T21:56:20.269439+00:00
GCST90255688,study,https://www.ebi.ac.uk/gwas/rest/api/v2/studies/GCST90255688,GCST90255688-study.json,2b0cc6862121b116cd8bc84ac597d5847147768c36289162dcb3087f4424ea97,2026-10-03T21:56:20.268945+00:00
GCST90255689,ancestries,https://www.ebi.ac.uk/gwas/rest/api/v2/studies/GCST90255689/ancestries,GCST90255689-ancestries.json,481e18d69b4ae5e70802cae78f316d2a40aa959ac027a6e5f4473573c57052d8,2026-10-03T21:56:20.888957+00:00
GCST90255689,study,https://www.ebi.ac.uk/gwas/rest/api/v2/studies/GCST90255689,GCST90255689-study.json,916875931d9cf57eacbdb7da0fc1b52715fb4347240f4162ae024e33d765c05f,2026-10-03T21:56:20.888628+00:00
GCST90255690,ancestries,https://www.ebi.ac.uk/gwas/rest/api/v2/studies/GCST90255690/ancestries,GCST90255690-ancestries.json,085c0fe3f876d26c3b537b83dfec23c078c0a199a0a8d268778d6142b0a643a0,2026-10-03T21:56:21.679618+00:00
GCST90255690,study,https://www.ebi.ac.uk/gwas/rest/api/v2/studies/GCST90255690,GCST90255690-study.json,209ea63fde477fce3e3e56cb3df5e192de3a6b2820abe9ef83c6373de6abc23c,2026-10-03T21:56:21.679142+00:00
GCST90269962,ancestries,https://www.ebi.ac.uk/gwas/rest/api/v2/studies/GCST90269962/ancestries,GCST90269962-ancestries.json,47659bfec6fe28ccd9ede26335dccbc8f3712e5bbb66c389506b3ce8a2020a0d,2026-10-03T21:56:24.825693+00:00
GCST90269962,study,https://www.ebi.ac.uk/gwas/rest/api/v2/studies/GCST90269962,GCST90269962-study.json,2ebd796546f6e21d17d6849f19a606cd2e624af0450354f394eb799f6d1881a1,2026-10-03T21:56:24.825153+00:00
GCST90269963,ancestries,https://www.ebi.ac.uk/gwas/rest/api/v2/studies/GCST90269963/ancestries,GCST90269963-ancestries.json,57111713fb140584da27f380f1d3327e36c3f670e43a4875bd81008ac177248e,2026-10-03T21:56:25.502814+00:00
GCST90269963,study,https://www.ebi.ac.uk/gwas/rest/api/v2/studies/GCST90269963,GCST90269963-study.json,5d8f1315929c84f069370bee88f8e604a2b61662ed048616f89768901ca316b6,2026-10-03T21:56:25.502185+00:00
GCST90269964,ancestries,https://www.ebi.ac.uk/gwas/rest/api/v2/studies/GCST90269964/ancestries,GCST90269964-ancestries.json,c244a1b3fefb20caea5c6b62e65560e589f6f3f432d10475491ce91b4a05c077,2026-10-03T21:56:26.130767+00:00
GCST90269964,study,https://www.ebi.ac.uk/gwas/rest/api/v2/studies/GCST90269964,GCST90269964-study.json,bf93760806c8a3ae1fe05d3120d429508676eeb69c3cf4432a910f9df52df437,2026-10-03T21:56:26.130341+00:00
GCST90269965,ancestries,https://www.ebi.ac.uk/gwas/rest/api/v2/studies/GCST90269965/ancestries,GCST90269965-ancestries.json,a43bcd977c5894899f5552963425ebbd9a796503f3c0f292cdeca094ab79ec6d,2026-10-03T21:56:26.781524+00:00
GCST90269965,study,https://www.ebi.ac.uk/gwas/rest/api/v2/studies/GCST90269965,GCST90269965-study.json,74a09a89717ab25949ee409b4c428041252af2d46f9e8032ae71e54a0b52497e,2026-10-03T21:56:26.780066+00:00
GCST90480474,ancestries,https://www.ebi.ac.uk/gwas/rest/api/v2/studies/GCST90480474/ancestries,GCST90480474-ancestries.json,a790e1d34e5dc796983842d5b88c56d7c6e46816b6be8de7513d18932114df10,2026-10-03T21:56:30.074826+00:00
GCST90480474,study,https://www.ebi.ac.uk/gwas/rest/api/v2/studies/GCST90480474,GCST90480474-study.json,3fd4530cd9fd98a9eb4f5e4e6ec9d34b2f12b6fdd8026e6cf8e10e6ee68722b8,2026-10-03T21:56:30.073609+00:00
GCST90502779,ancestries,https://www.ebi.ac.uk/gwas/rest/api/v2/studies/GCST90502779/ancestries,GCST90502779-ancestries.json,430291d7f2952c7c0901beff3e9a8675980dd50e8c215063762174da629c16fa,2026-10-03T21:56:30.754174+00:00
GCST90502779,study,https://www.ebi.ac.uk/gwas/rest/api/v2/studies/GCST90502779,GCST90502779-study.json,96063aa33bbc81d7349183439b5b20b753b9b469e56297150b3e39e61704dc78,2026-10-03T21:56:30.753351+00:00
GCST90502780,ancestries,https://www.ebi.ac.uk/gwas/rest/api/v2/studies/GCST90502780/ancestries,GCST90502780-ancestries.json,9acf6d2c697545dbde19f8ffefa9593cccd9fc08e4ce46a8d5be87474a5512aa,2026-10-03T21:56:31.375541+00:00
GCST90502780,study,https://www.ebi.ac.uk/gwas/rest/api/v2/studies/GCST90502780,GCST90502780-study.json,eb5053a5499233bbd5e1b52f4a58945b69c0d1cde4118c9adfdb127562b979d0,2026-10-03T21:56:31.374980+00:00
GCST90502781,ancestries,https://www.ebi.ac.uk/gwas/rest/api/v2/studies/GCST90502781/ancestries,GCST90502781-ancestries.json,82bb889e6177519b2b573309eb2c426a054da40792da8e313b5b782c1f54041e,2026-10-03T21:56:32.016094+00:00
GCST90502781,study,https://www.ebi.ac.uk/gwas/rest/api/v2/studies/GCST90502781,GCST90502781-study.json,55d8a37ee9fdb639f5b38ce35c85fa91d343ff8756f4385447536bc1343433b2,2026-10-03T21:56:32.015575+00:00
GCST90502784,ancestries,https://www.ebi.ac.uk/gwas/rest/api/v2/studies/GCST90502784/ancestries,GCST90502784-ancestries.json,f7585856d9b87b74bedc251e315cdf686ee683ca61f5624cef946c68a6d042d0,2026-10-03T21:56:35.309650+00:00
GCST90502784,study,https://www.ebi.ac.uk/gwas/rest/api/v2/studies/GCST90502784,GCST90502784-study.json,debb4f8bfd2f7994412b77c460d60e4704e4b7d3c5298112835f1a5686bea601,2026-10-03T21:56:35.309234+00:00
GCST90502785,ancestries,https://www.ebi.ac.uk/gwas/rest/api/v2/studies/GCST90502785/ancestries,GCST90502785-ancestries.json,a7e313e1ed473cec85bac7fe1a135b11a4bf8e65965d8780ecd7b83fa9f176e9,2026-10-03T21:56:36.002658+00:00
GCST90502785,study,https://www.ebi.ac.uk/gwas/rest/api/v2/studies/GCST90502785,GCST90502785-study.json,d0218ce0e575954ae20e8dc5446ea5c6f2c5a6c1fa54cf7792a98969211d3240,2026-10-03T21:56:36.002117+00:00
GCST90671959,ancestries,https://www.ebi.ac.uk/gwas/rest/api/v2/studies/GCST90671959/ancestries,GCST90671959-ancestries.json,26ef715af92db113316df75e4c1f1d99650109caced7b48bea5a97f63c4ca8c6,2026-10-03T21:56:36.621701+00:00
GCST90671959,study,https://www.ebi.ac.uk/gwas/rest/api/v2/studies/GCST90671959,GCST90671959-study.json,6384bb7bbd8da40a9b25e3f9e3014052a1da6dbe9e016bb831d5345ea1320570,2026-10-03T21:56:36.621002+00:00
GCST90835923,ancestries,https://www.ebi.ac.uk/gwas/rest/api/v2/studies/GCST90835923/ancestries,GCST90835923-ancestries.json,272b89c16885acfcfcc2ca9a68632282a69a7745e91d34f9a288ca57a887f9fc,2026-10-03T21:56:37.278479+00:00
GCST90835923,study,https://www.ebi.ac.uk/gwas/rest/api/v2/studies/GCST90835923,GCST90835923-study.json,7b3a8d4cbebd0f1d80b378d59a051e6cf16e617c3201d0813f12e4c0e22ee279,2026-10-03T21:56:37.277992+00:00
GCST90854270,ancestries,https://www.ebi.ac.uk/gwas/rest/api/v2/studies/GCST90854270/ancestries,GCST90854270-ancestries.json,4be1a1c182041fc8129a8f2780d7f67af7ed4cf26437c8d0ca000c62061f6781,2026-10-03T21:56:40.591664+00:00
GCST90854270,study,https://www.ebi.ac.uk/gwas/rest/api/v2/studies/GCST90854270,GCST90854270-study.json,164f184212cba8410fb0e5c23849f21d5f9f926ddf64531cc1db99310b546f0a,2026-10-03T21:56:40.590813+00:00
GCST90854271,ancestries,https://www.ebi.ac.uk/gwas/rest/api/v2/studies/GCST90854271/ancestries,GCST90854271-ancestries.json,c5ed598f1b06495397aa5623a26b15a41606aa5b4129aa893f604176a76e84e6,2026-10-03T21:56:41.229962+00:00
GCST90854271,study,https://www.ebi.ac.uk/gwas/rest/api/v2/studies/GCST90854271,GCST90854271-study.json,5c5deaf28b467b388f753537d1e2e469f1130182a40386a9a58b5574287304b1,2026-10-03T21:56:41.229470+00:00
GCST90854272,ancestries,https://www.ebi.ac.uk/gwas/rest/api/v2/studies/GCST90854272/ancestries,GCST90854272-ancestries.json,8f018862e04347536fb377bc5feb11c9752e887894fab445750e7eca746f1cc6,2026-10-03T21:56:41.861995+00:00
GCST90854272,study,https://www.ebi.ac.uk/gwas/rest/api/v2/studies/GCST90854272,GCST90854272-study.json,826f40d79291669e395c0fe0b35c83a32be0dc06395ac34245fdb4c52edc42e0,2026-10-03T21:56:41.861581+00:00
GCST90854296,ancestries,https://www.ebi.ac.uk/gwas/rest/api/v2/studies/GCST90854296/ancestries,GCST90854296-ancestries.json,6af60de6fcb32430226468794d60ba0c728ceb4334ba13548cd4d17feda5ae7a,2026-10-03T21:56:42.494876+00:00
GCST90854296,study,https://www.ebi.ac.uk/gwas/rest/api/v2/studies/GCST90854296,GCST90854296-study.json,4cbc1ca7b601414fc4af529f0285095d6d7032f2841ccd2a928535d7f1f63f5b,2026-10-03T21:56:42.494351+00:00
GCST90939791,ancestries,https://www.ebi.ac.uk/gwas/rest/api/v2/studies/GCST90939791/ancestries,GCST90939791-ancestries.json,552d307386a9ae82799cedef830814c4dfb98162428b611875de21e2047224d4,2026-10-03T21:56:43.851436+00:00
GCST90939791,study,https://www.ebi.ac.uk/gwas/rest/api/v2/studies/GCST90939791,GCST90939791-study.json,8985d9abeb11785d4684124c4ca729df8a5e4569fd7120f822e74e98cd64f9a2,2026-10-03T21:56:43.850912+00:00
