query_group,search_text,efo_id,label,uri,source_url
pigmentation,pigment,EFO_0021425,pigmentary glaucoma,http://www.ebi.ac.uk/efo/EFO_0021425,https://www.ebi.ac.uk/gwas/rest/api/v2/efo-traits?efo_trait=pigment&size=500&page=0&sort=efo_id&direction=asc
pigmentation,pigment,EFO_0021847,pigment epithelium-derived factor measurement,http://www.ebi.ac.uk/efo/EFO_0021847,https://www.ebi.ac.uk/gwas/rest/api/v2/efo-traits?efo_trait=pigment&size=500&page=0&sort=efo_id&direction=asc
pigmentation,pigment,EFO_1000755,pigmentation disease,http://www.ebi.ac.uk/efo/EFO_1000755,https://www.ebi.ac.uk/gwas/rest/api/v2/efo-traits?efo_trait=pigment&size=500&page=0&sort=efo_id&direction=asc
pigmentation,pigment,HP_0001000,Abnormal skin pigmentation,http://purl.obolibrary.org/obo/HP_0001000,https://www.ebi.ac.uk/gwas/rest/api/v2/efo-traits?efo_trait=pigment&size=500&page=0&sort=efo_id&direction=asc
pigmentation,pigment,MONDO_0010896,pigment dispersion syndrome,http://purl.obolibrary.org/obo/MONDO_0010896,https://www.ebi.ac.uk/gwas/rest/api/v2/efo-traits?efo_trait=pigment&size=500&page=0&sort=efo_id&direction=asc
pigmentation,pigment,MONDO_0019200,retinitis pigmentosa,http://purl.obolibrary.org/obo/MONDO_0019200,https://www.ebi.ac.uk/gwas/rest/api/v2/efo-traits?efo_trait=pigment&size=500&page=0&sort=efo_id&direction=asc
pigmentation,pigment,OBA_2043313,level of retinitis pigmentosa 9 protein in blood serum,http://purl.obolibrary.org/obo/OBA_2043313,https://www.ebi.ac.uk/gwas/rest/api/v2/efo-traits?efo_trait=pigment&size=500&page=0&sort=efo_id&direction=asc
pigmentation,pigment,OBA_2045282,facial pigmentation,http://purl.obolibrary.org/obo/OBA_2045282,https://www.ebi.ac.uk/gwas/rest/api/v2/efo-traits?efo_trait=pigment&size=500&page=0&sort=efo_id&direction=asc
pigmentation,pigment,OBA_2051697,level of X-linked retinitis pigmentosa GTPase regulator in blood,http://purl.obolibrary.org/obo/OBA_2051697,https://www.ebi.ac.uk/gwas/rest/api/v2/efo-traits?efo_trait=pigment&size=500&page=0&sort=efo_id&direction=asc
pigmentation,pigment,OBA_2057744,level of pigment epithelium-derived factor (human) in cerebrospinal fluid,http://purl.obolibrary.org/obo/OBA_2057744,https://www.ebi.ac.uk/gwas/rest/api/v2/efo-traits?efo_trait=pigment&size=500&page=0&sort=efo_id&direction=asc
pigmentation,pigment,OBA_VT0002095,skin pigmentation,http://purl.obolibrary.org/obo/OBA_VT0002095,https://www.ebi.ac.uk/gwas/rest/api/v2/efo-traits?efo_trait=pigment&size=500&page=0&sort=efo_id&direction=asc
pigmentation,melanin,EFO_0021835,melanin measurement,http://www.ebi.ac.uk/efo/EFO_0021835,https://www.ebi.ac.uk/gwas/rest/api/v2/efo-traits?efo_trait=melanin&size=500&page=0&sort=efo_id&direction=asc
pigmentation,color,EFO_0003924,hair color,http://www.ebi.ac.uk/efo/EFO_0003924,https://www.ebi.ac.uk/gwas/rest/api/v2/efo-traits?efo_trait=color&size=500&page=0&sort=efo_id&direction=asc
pigmentation,color,EFO_0003949,eye color,http://www.ebi.ac.uk/efo/EFO_0003949,https://www.ebi.ac.uk/gwas/rest/api/v2/efo-traits?efo_trait=color&size=500&page=0&sort=efo_id&direction=asc
pigmentation,color,EFO_0008460,colorectal health,http://www.ebi.ac.uk/efo/EFO_0008460,https://www.ebi.ac.uk/gwas/rest/api/v2/efo-traits?efo_trait=color&size=500&page=0&sort=efo_id&direction=asc
pigmentation,color,EFO_0009361,colorectal mucinous adenocarcinoma,http://www.ebi.ac.uk/efo/EFO_0009361,https://www.ebi.ac.uk/gwas/rest/api/v2/efo-traits?efo_trait=color&size=500&page=0&sort=efo_id&direction=asc
pigmentation,color,EFO_0803377,metachronous colorectal adenoma,http://www.ebi.ac.uk/efo/EFO_0803377,https://www.ebi.ac.uk/gwas/rest/api/v2/efo-traits?efo_trait=color&size=500&page=0&sort=efo_id&direction=asc
pigmentation,color,EFO_1001480,metastatic colorectal cancer,http://www.ebi.ac.uk/efo/EFO_1001480,https://www.ebi.ac.uk/gwas/rest/api/v2/efo-traits?efo_trait=color&size=500&page=0&sort=efo_id&direction=asc
pigmentation,color,MONDO_0001703,color vision disorder,http://purl.obolibrary.org/obo/MONDO_0001703,https://www.ebi.ac.uk/gwas/rest/api/v2/efo-traits?efo_trait=color&size=500&page=0&sort=efo_id&direction=asc
pigmentation,color,MONDO_0005008,colorectal adenocarcinoma,http://purl.obolibrary.org/obo/MONDO_0005008,https://www.ebi.ac.uk/gwas/rest/api/v2/efo-traits?efo_trait=color&size=500&page=0&sort=efo_id&direction=asc
pigmentation,color,MONDO_0005484,colorectal adenoma,http://purl.obolibrary.org/obo/MONDO_0005484,https://www.ebi.ac.uk/gwas/rest/api/v2/efo-traits?efo_trait=color&size=500&page=0&sort=efo_id&direction=asc
pigmentation,color,MONDO_0005575,colorectal cancer,http://purl.obolibrary.org/obo/MONDO_0005575,https://www.ebi.ac.uk/gwas/rest/api/v2/efo-traits?efo_trait=color&size=500&page=0&sort=efo_id&direction=asc
pigmentation,color,MONDO_0024331,colorectal carcinoma,http://purl.obolibrary.org/obo/MONDO_0024331,https://www.ebi.ac.uk/gwas/rest/api/v2/efo-traits?efo_trait=color&size=500&page=0&sort=efo_id&direction=asc
pigmentation,color,OBA_0002313,strand of hair color,http://purl.obolibrary.org/obo/OBA_0002313,https://www.ebi.ac.uk/gwas/rest/api/v2/efo-traits?efo_trait=color&size=500&page=0&sort=efo_id&direction=asc
pigmentation,color,OBA_2050327,age of onset of colorectal cancer,http://purl.obolibrary.org/obo/OBA_2050327,https://www.ebi.ac.uk/gwas/rest/api/v2/efo-traits?efo_trait=color&size=500&page=0&sort=efo_id&direction=asc
pigmentation,colour,EFO_0009764,eye colour measurement,http://www.ebi.ac.uk/efo/EFO_0009764,https://www.ebi.ac.uk/gwas/rest/api/v2/efo-traits?efo_trait=colour&size=500&page=0&sort=efo_id&direction=asc
pigmentation,iris,MONDO_0002289,iris disorder,http://purl.obolibrary.org/obo/MONDO_0002289,https://www.ebi.ac.uk/gwas/rest/api/v2/efo-traits?efo_trait=iris&size=500&page=0&sort=efo_id&direction=asc
pigmentation,freckl,EFO_0003963,freckles,http://www.ebi.ac.uk/efo/EFO_0003963,https://www.ebi.ac.uk/gwas/rest/api/v2/efo-traits?efo_trait=freckl&size=500&page=0&sort=efo_id&direction=asc
pigmentation,suntan,EFO_0004279,suntan,http://www.ebi.ac.uk/efo/EFO_0004279,https://www.ebi.ac.uk/gwas/rest/api/v2/efo-traits?efo_trait=suntan&size=500&page=0&sort=efo_id&direction=asc
pigmentation,sun,EFO_0004279,suntan,http://www.ebi.ac.uk/efo/EFO_0004279,https://www.ebi.ac.uk/gwas/rest/api/v2/efo-traits?efo_trait=sun&size=500&page=0&sort=efo_id&direction=asc
pigmentation,sun,EFO_0010729,sun exposure measurement,http://www.ebi.ac.uk/efo/EFO_0010729,https://www.ebi.ac.uk/gwas/rest/api/v2/efo-traits?efo_trait=sun&size=500&page=0&sort=efo_id&direction=asc
pigmentation,sun,EFO_0802102,SUN domain-containing protein 3 measurement,http://www.ebi.ac.uk/efo/EFO_0802102,https://www.ebi.ac.uk/gwas/rest/api/v2/efo-traits?efo_trait=sun&size=500&page=0&sort=efo_id&direction=asc
pigmentation,sun,EFO_0802103,SUN domain-containing protein 5 measurement,http://www.ebi.ac.uk/efo/EFO_0802103,https://www.ebi.ac.uk/gwas/rest/api/v2/efo-traits?efo_trait=sun&size=500&page=0&sort=efo_id&direction=asc
pigmentation,sun,EFO_0920047,response to sunitinib,http://www.ebi.ac.uk/efo/EFO_0920047,https://www.ebi.ac.uk/gwas/rest/api/v2/efo-traits?efo_trait=sun&size=500&page=0&sort=efo_id&direction=asc
pigmentation,sun,MONDO_0005326,sunburn,http://purl.obolibrary.org/obo/MONDO_0005326,https://www.ebi.ac.uk/gwas/rest/api/v2/efo-traits?efo_trait=sun&size=500&page=0&sort=efo_id&direction=asc
pigmentation,sun,MONDO_0005434,skin sensitivity to sun,http://purl.obolibrary.org/obo/MONDO_0005434,https://www.ebi.ac.uk/gwas/rest/api/v2/efo-traits?efo_trait=sun&size=500&page=0&sort=efo_id&direction=asc
pigmentation,sun,OBA_2043612,level of SUN domain-containing protein 5 in blood serum,http://purl.obolibrary.org/obo/OBA_2043612,https://www.ebi.ac.uk/gwas/rest/api/v2/efo-traits?efo_trait=sun&size=500&page=0&sort=efo_id&direction=asc
pigmentation,sun,OBA_2044231,level of SUN domain-containing protein 3 in blood serum,http://purl.obolibrary.org/obo/OBA_2044231,https://www.ebi.ac.uk/gwas/rest/api/v2/efo-traits?efo_trait=sun&size=500&page=0&sort=efo_id&direction=asc
pigmentation,sun,OBA_2044337,level of tRNA (cytosine(72)-C(5))-methyltransferase NSUN6 in blood serum,http://purl.obolibrary.org/obo/OBA_2044337,https://www.ebi.ac.uk/gwas/rest/api/v2/efo-traits?efo_trait=sun&size=500&page=0&sort=efo_id&direction=asc
pigmentation,photosens,MONDO_0006597,photosensitivity disease,http://purl.obolibrary.org/obo/MONDO_0006597,https://www.ebi.ac.uk/gwas/rest/api/v2/efo-traits?efo_trait=photosens&size=500&page=0&sort=efo_id&direction=asc
hair,hair,EFO_0003924,hair color,http://www.ebi.ac.uk/efo/EFO_0003924,https://www.ebi.ac.uk/gwas/rest/api/v2/efo-traits?efo_trait=hair&size=500&page=0&sort=efo_id&direction=asc
hair,hair,EFO_0005038,hair morphology,http://www.ebi.ac.uk/efo/EFO_0005038,https://www.ebi.ac.uk/gwas/rest/api/v2/efo-traits?efo_trait=hair&size=500&page=0&sort=efo_id&direction=asc
hair,hair,EFO_0009716,age at first facial hair,http://www.ebi.ac.uk/efo/EFO_0009716,https://www.ebi.ac.uk/gwas/rest/api/v2/efo-traits?efo_trait=hair&size=500&page=0&sort=efo_id&direction=asc
hair,hair,MONDO_0019278,hair anomaly,http://purl.obolibrary.org/obo/MONDO_0019278,https://www.ebi.ac.uk/gwas/rest/api/v2/efo-traits?efo_trait=hair&size=500&page=0&sort=efo_id&direction=asc
hair,hair,OBA_0002313,strand of hair color,http://purl.obolibrary.org/obo/OBA_0002313,https://www.ebi.ac.uk/gwas/rest/api/v2/efo-traits?efo_trait=hair&size=500&page=0&sort=efo_id&direction=asc
hair,hair,OBA_0003493,strand of hair shape,http://purl.obolibrary.org/obo/OBA_0003493,https://www.ebi.ac.uk/gwas/rest/api/v2/efo-traits?efo_trait=hair&size=500&page=0&sort=efo_id&direction=asc
hair,hair,OBA_2041868,level of hairy/enhancer-of-split related with YRPW motif protein 1 in blood serum,http://purl.obolibrary.org/obo/OBA_2041868,https://www.ebi.ac.uk/gwas/rest/api/v2/efo-traits?efo_trait=hair&size=500&page=0&sort=efo_id&direction=asc
hair,hair,OBA_2043523,level of histone RNA hairpin-binding protein in blood serum,http://purl.obolibrary.org/obo/OBA_2043523,https://www.ebi.ac.uk/gwas/rest/api/v2/efo-traits?efo_trait=hair&size=500&page=0&sort=efo_id&direction=asc
hair,hair,OBA_2050112,facial hair thickness,http://purl.obolibrary.org/obo/OBA_2050112,https://www.ebi.ac.uk/gwas/rest/api/v2/efo-traits?efo_trait=hair&size=500&page=0&sort=efo_id&direction=asc
hair,hair,OBA_VT0000367,coat/hair morphology trait,http://purl.obolibrary.org/obo/OBA_VT0000367,https://www.ebi.ac.uk/gwas/rest/api/v2/efo-traits?efo_trait=hair&size=500&page=0&sort=efo_id&direction=asc
hair,scalp,HP_0002293,Alopecia of scalp,http://purl.obolibrary.org/obo/HP_0002293,https://www.ebi.ac.uk/gwas/rest/api/v2/efo-traits?efo_trait=scalp&size=500&page=0&sort=efo_id&direction=asc
hair,scalp,MONDO_0002967,dermatophytosis of scalp or beard,http://purl.obolibrary.org/obo/MONDO_0002967,https://www.ebi.ac.uk/gwas/rest/api/v2/efo-traits?efo_trait=scalp&size=500&page=0&sort=efo_id&direction=asc
hair,beard,MONDO_0002967,dermatophytosis of scalp or beard,http://purl.obolibrary.org/obo/MONDO_0002967,https://www.ebi.ac.uk/gwas/rest/api/v2/efo-traits?efo_trait=beard&size=500&page=0&sort=efo_id&direction=asc
hair,synophrys,EFO_0007906,synophrys measurement,http://www.ebi.ac.uk/efo/EFO_0007906,https://www.ebi.ac.uk/gwas/rest/api/v2/efo-traits?efo_trait=synophrys&size=500&page=0&sort=efo_id&direction=asc
hair,frizz,EFO_0008277,Secreted frizzled-related protein 3 measurement,http://www.ebi.ac.uk/efo/EFO_0008277,https://www.ebi.ac.uk/gwas/rest/api/v2/efo-traits?efo_trait=frizz&size=500&page=0&sort=efo_id&direction=asc
hair,frizz,EFO_0020718,secreted frizzled-related protein 1 measurement,http://www.ebi.ac.uk/efo/EFO_0020718,https://www.ebi.ac.uk/gwas/rest/api/v2/efo-traits?efo_trait=frizz&size=500&page=0&sort=efo_id&direction=asc
hair,frizz,EFO_0802039,secreted frizzled-related protein 2 measurement,http://www.ebi.ac.uk/efo/EFO_0802039,https://www.ebi.ac.uk/gwas/rest/api/v2/efo-traits?efo_trait=frizz&size=500&page=0&sort=efo_id&direction=asc
hair,frizz,OBA_2040301,level of frizzled-4 in blood serum,http://purl.obolibrary.org/obo/OBA_2040301,https://www.ebi.ac.uk/gwas/rest/api/v2/efo-traits?efo_trait=frizz&size=500&page=0&sort=efo_id&direction=asc
hair,frizz,OBA_2040302,level of frizzled-9 in blood serum,http://purl.obolibrary.org/obo/OBA_2040302,https://www.ebi.ac.uk/gwas/rest/api/v2/efo-traits?efo_trait=frizz&size=500&page=0&sort=efo_id&direction=asc
hair,frizz,OBA_2041639,level of frizzled-1 in blood serum,http://purl.obolibrary.org/obo/OBA_2041639,https://www.ebi.ac.uk/gwas/rest/api/v2/efo-traits?efo_trait=frizz&size=500&page=0&sort=efo_id&direction=asc
hair,frizz,OBA_2041640,level of frizzled-2 in blood serum,http://purl.obolibrary.org/obo/OBA_2041640,https://www.ebi.ac.uk/gwas/rest/api/v2/efo-traits?efo_trait=frizz&size=500&page=0&sort=efo_id&direction=asc
hair,frizz,OBA_2041641,level of frizzled-5 in blood serum,http://purl.obolibrary.org/obo/OBA_2041641,https://www.ebi.ac.uk/gwas/rest/api/v2/efo-traits?efo_trait=frizz&size=500&page=0&sort=efo_id&direction=asc
hair,frizz,OBA_2041642,level of frizzled-7 in blood serum,http://purl.obolibrary.org/obo/OBA_2041642,https://www.ebi.ac.uk/gwas/rest/api/v2/efo-traits?efo_trait=frizz&size=500&page=0&sort=efo_id&direction=asc
hair,frizz,OBA_2041643,level of frizzled-8 in blood serum,http://purl.obolibrary.org/obo/OBA_2041643,https://www.ebi.ac.uk/gwas/rest/api/v2/efo-traits?efo_trait=frizz&size=500&page=0&sort=efo_id&direction=asc
hair,frizz,OBA_2043475,level of secreted frizzled-related protein 2 in blood serum,http://purl.obolibrary.org/obo/OBA_2043475,https://www.ebi.ac.uk/gwas/rest/api/v2/efo-traits?efo_trait=frizz&size=500&page=0&sort=efo_id&direction=asc
hair,frizz,OBA_2043476,level of secreted frizzled-related protein 4 in blood serum,http://purl.obolibrary.org/obo/OBA_2043476,https://www.ebi.ac.uk/gwas/rest/api/v2/efo-traits?efo_trait=frizz&size=500&page=0&sort=efo_id&direction=asc
hair,frizz,OBA_2043477,level of secreted frizzled-related protein 5 in blood serum,http://purl.obolibrary.org/obo/OBA_2043477,https://www.ebi.ac.uk/gwas/rest/api/v2/efo-traits?efo_trait=frizz&size=500&page=0&sort=efo_id&direction=asc
hair,frizz,OBA_2050250,membrane frizzled-related protein amount,http://purl.obolibrary.org/obo/OBA_2050250,https://www.ebi.ac.uk/gwas/rest/api/v2/efo-traits?efo_trait=frizz&size=500&page=0&sort=efo_id&direction=asc
hair,frizz,OBA_2050648,level of frizzled-8 in blood,http://purl.obolibrary.org/obo/OBA_2050648,https://www.ebi.ac.uk/gwas/rest/api/v2/efo-traits?efo_trait=frizz&size=500&page=0&sort=efo_id&direction=asc
hair,frizz,OBA_2051148,level of frizzled-10 in blood,http://purl.obolibrary.org/obo/OBA_2051148,https://www.ebi.ac.uk/gwas/rest/api/v2/efo-traits?efo_trait=frizz&size=500&page=0&sort=efo_id&direction=asc
hair,frizz,OBA_2052764,amount of secreted frizzled-related protein 1 (human) in blood,http://purl.obolibrary.org/obo/OBA_2052764,https://www.ebi.ac.uk/gwas/rest/api/v2/efo-traits?efo_trait=frizz&size=500&page=0&sort=efo_id&direction=asc
hair,frizz,OBA_2055900,level of frizzled-9 (human) in cerebrospinal fluid,http://purl.obolibrary.org/obo/OBA_2055900,https://www.ebi.ac.uk/gwas/rest/api/v2/efo-traits?efo_trait=frizz&size=500&page=0&sort=efo_id&direction=asc
hair,frizz,OBA_2059279,level of secreted frizzled-related protein 4 (human) in cerebrospinal fluid,http://purl.obolibrary.org/obo/OBA_2059279,https://www.ebi.ac.uk/gwas/rest/api/v2/efo-traits?efo_trait=frizz&size=500&page=0&sort=efo_id&direction=asc
hair,frizz,OBA_2059792,level of secreted frizzled-related protein 1 (human) in cerebrospinal fluid,http://purl.obolibrary.org/obo/OBA_2059792,https://www.ebi.ac.uk/gwas/rest/api/v2/efo-traits?efo_trait=frizz&size=500&page=0&sort=efo_id&direction=asc
hair,frizz,OBA_2080182,level of secreted frizzled-related protein 3 (human) in cerebrospinal fluid,http://purl.obolibrary.org/obo/OBA_2080182,https://www.ebi.ac.uk/gwas/rest/api/v2/efo-traits?efo_trait=frizz&size=500&page=0&sort=efo_id&direction=asc
hair,frizz,OBA_2080970,level of frizzled-8 (human) in cerebrospinal fluid,http://purl.obolibrary.org/obo/OBA_2080970,https://www.ebi.ac.uk/gwas/rest/api/v2/efo-traits?efo_trait=frizz&size=500&page=0&sort=efo_id&direction=asc
hair,frizz,OBA_2081634,level of frizzled-10 (human) in cerebrospinal fluid,http://purl.obolibrary.org/obo/OBA_2081634,https://www.ebi.ac.uk/gwas/rest/api/v2/efo-traits?efo_trait=frizz&size=500&page=0&sort=efo_id&direction=asc
hair,widow,HP_0000349,Widow's peak,http://purl.obolibrary.org/obo/HP_0000349,https://www.ebi.ac.uk/gwas/rest/api/v2/efo-traits?efo_trait=widow&size=500&page=0&sort=efo_id&direction=asc
hair,alopecia,EFO_0009855,frontal fibrosing alopecia,http://www.ebi.ac.uk/efo/EFO_0009855,https://www.ebi.ac.uk/gwas/rest/api/v2/efo-traits?efo_trait=alopecia&size=500&page=0&sort=efo_id&direction=asc
hair,alopecia,EFO_1002028,cicatricial alopecia,http://www.ebi.ac.uk/efo/EFO_1002028,https://www.ebi.ac.uk/gwas/rest/api/v2/efo-traits?efo_trait=alopecia&size=500&page=0&sort=efo_id&direction=asc
hair,alopecia,HP_0002293,Alopecia of scalp,http://purl.obolibrary.org/obo/HP_0002293,https://www.ebi.ac.uk/gwas/rest/api/v2/efo-traits?efo_trait=alopecia&size=500&page=0&sort=efo_id&direction=asc
hair,alopecia,MONDO_0004907,alopecia,http://purl.obolibrary.org/obo/MONDO_0004907,https://www.ebi.ac.uk/gwas/rest/api/v2/efo-traits?efo_trait=alopecia&size=500&page=0&sort=efo_id&direction=asc
hair,alopecia,MONDO_0005339,androgenetic alopecia,http://purl.obolibrary.org/obo/MONDO_0005339,https://www.ebi.ac.uk/gwas/rest/api/v2/efo-traits?efo_trait=alopecia&size=500&page=0&sort=efo_id&direction=asc
hair,alopecia,MONDO_0005340,alopecia areata,http://purl.obolibrary.org/obo/MONDO_0005340,https://www.ebi.ac.uk/gwas/rest/api/v2/efo-traits?efo_trait=alopecia&size=500&page=0&sort=efo_id&direction=asc
hair,alopecia,MONDO_0005483,chemotherapy-induced alopecia,http://purl.obolibrary.org/obo/MONDO_0005483,https://www.ebi.ac.uk/gwas/rest/api/v2/efo-traits?efo_trait=alopecia&size=500&page=0&sort=efo_id&direction=asc
hair,hypertrichosis,MONDO_0019280,hypertrichosis,http://purl.obolibrary.org/obo/MONDO_0019280,https://www.ebi.ac.uk/gwas/rest/api/v2/efo-traits?efo_trait=hypertrichosis&size=500&page=0&sort=efo_id&direction=asc
hair,hirsutism,HP_0001007,Hirsutism,http://purl.obolibrary.org/obo/HP_0001007,https://www.ebi.ac.uk/gwas/rest/api/v2/efo-traits?efo_trait=hirsutism&size=500&page=0&sort=efo_id&direction=asc
