study_id,stage,number_of_individuals,source_url
GCST000115,initial,2986,https://www.ebi.ac.uk/gwas/rest/api/v2/studies/GCST000115/ancestries/63774880
GCST000115,replication,3932,https://www.ebi.ac.uk/gwas/rest/api/v2/studies/GCST000115/ancestries/63774883
GCST000116,initial,2986,https://www.ebi.ac.uk/gwas/rest/api/v2/studies/GCST000116/ancestries/63774873
GCST000116,replication,3932,https://www.ebi.ac.uk/gwas/rest/api/v2/studies/GCST000116/ancestries/63774876
GCST000117,initial,2986,https://www.ebi.ac.uk/gwas/rest/api/v2/studies/GCST000117/ancestries/63774900
GCST000117,replication,3932,https://www.ebi.ac.uk/gwas/rest/api/v2/studies/GCST000117/ancestries/63774903
GCST000118,initial,2986,https://www.ebi.ac.uk/gwas/rest/api/v2/studies/GCST000118/ancestries/7265
GCST000118,replication,3932,https://www.ebi.ac.uk/gwas/rest/api/v2/studies/GCST000118/ancestries/7266
GCST000119,initial,2986,https://www.ebi.ac.uk/gwas/rest/api/v2/studies/GCST000119/ancestries/63774887
GCST000119,replication,3932,https://www.ebi.ac.uk/gwas/rest/api/v2/studies/GCST000119/ancestries/63774891
GCST000120,initial,2986,https://www.ebi.ac.uk/gwas/rest/api/v2/studies/GCST000120/ancestries/63774909
GCST000120,replication,3932,https://www.ebi.ac.uk/gwas/rest/api/v2/studies/GCST000120/ancestries/63774912
GCST000146,initial,1406,https://www.ebi.ac.uk/gwas/rest/api/v2/studies/GCST000146/ancestries/7207
GCST000146,replication,6867,https://www.ebi.ac.uk/gwas/rest/api/v2/studies/GCST000146/ancestries/7208
GCST000190,initial,2287,https://www.ebi.ac.uk/gwas/rest/api/v2/studies/GCST000190/ancestries/7109
GCST000190,replication,8465,https://www.ebi.ac.uk/gwas/rest/api/v2/studies/GCST000190/ancestries/7110
GCST000191,initial,2287,https://www.ebi.ac.uk/gwas/rest/api/v2/studies/GCST000191/ancestries/7111
GCST000191,replication,8465,https://www.ebi.ac.uk/gwas/rest/api/v2/studies/GCST000191/ancestries/7112
GCST000192,replication,3330,https://www.ebi.ac.uk/gwas/rest/api/v2/studies/GCST000192/ancestries/31667751
GCST000192,initial,5130,https://www.ebi.ac.uk/gwas/rest/api/v2/studies/GCST000192/ancestries/31667748
GCST000193,initial,5130,https://www.ebi.ac.uk/gwas/rest/api/v2/studies/GCST000193/ancestries/31667889
GCST000193,replication,3330,https://www.ebi.ac.uk/gwas/rest/api/v2/studies/GCST000193/ancestries/31667905
GCST000194,initial,5130,https://www.ebi.ac.uk/gwas/rest/api/v2/studies/GCST000194/ancestries/7107
GCST000194,replication,3330,https://www.ebi.ac.uk/gwas/rest/api/v2/studies/GCST000194/ancestries/7108
GCST000195,replication,3330,https://www.ebi.ac.uk/gwas/rest/api/v2/studies/GCST000195/ancestries/31667870
GCST000195,initial,5130,https://www.ebi.ac.uk/gwas/rest/api/v2/studies/GCST000195/ancestries/31667819
GCST000196,initial,5130,https://www.ebi.ac.uk/gwas/rest/api/v2/studies/GCST000196/ancestries/31667763
GCST000196,replication,3330,https://www.ebi.ac.uk/gwas/rest/api/v2/studies/GCST000196/ancestries/31667766
GCST000197,initial,5130,https://www.ebi.ac.uk/gwas/rest/api/v2/studies/GCST000197/ancestries/31667774
GCST000197,replication,3330,https://www.ebi.ac.uk/gwas/rest/api/v2/studies/GCST000197/ancestries/31667776
GCST000371,initial,2287,https://www.ebi.ac.uk/gwas/rest/api/v2/studies/GCST000371/ancestries/6728
GCST000371,replication,870,https://www.ebi.ac.uk/gwas/rest/api/v2/studies/GCST000371/ancestries/6729
GCST000519,initial,20985,https://www.ebi.ac.uk/gwas/rest/api/v2/studies/GCST000519/ancestries/281
GCST000685,initial,5951,https://www.ebi.ac.uk/gwas/rest/api/v2/studies/GCST000685/ancestries/6015
GCST000685,replication,3543,https://www.ebi.ac.uk/gwas/rest/api/v2/studies/GCST000685/ancestries/6016
GCST000706,initial,9126,https://www.ebi.ac.uk/gwas/rest/api/v2/studies/GCST000706/ancestries/5962
GCST000707,initial,9126,https://www.ebi.ac.uk/gwas/rest/api/v2/studies/GCST000707/ancestries/5965
GCST000708,initial,9126,https://www.ebi.ac.uk/gwas/rest/api/v2/studies/GCST000708/ancestries/5963
GCST000710,initial,9126,https://www.ebi.ac.uk/gwas/rest/api/v2/studies/GCST000710/ancestries/5964
GCST001507,initial,85,https://www.ebi.ac.uk/gwas/rest/api/v2/studies/GCST001507/ancestries/3355
GCST001723,replication,293,https://www.ebi.ac.uk/gwas/rest/api/v2/studies/GCST001723/ancestries/4185
GCST001723,initial,175,https://www.ebi.ac.uk/gwas/rest/api/v2/studies/GCST001723/ancestries/4195
GCST001929,initial,3871,https://www.ebi.ac.uk/gwas/rest/api/v2/studies/GCST001929/ancestries/4982
GCST001929,replication,2496,https://www.ebi.ac.uk/gwas/rest/api/v2/studies/GCST001929/ancestries/4987
GCST001932,replication,4155,https://www.ebi.ac.uk/gwas/rest/api/v2/studies/GCST001932/ancestries/4986
GCST001932,initial,7070,https://www.ebi.ac.uk/gwas/rest/api/v2/studies/GCST001932/ancestries/4985
GCST001933,replication,4236,https://www.ebi.ac.uk/gwas/rest/api/v2/studies/GCST001933/ancestries/4988
GCST001933,initial,9283,https://www.ebi.ac.uk/gwas/rest/api/v2/studies/GCST001933/ancestries/4983
GCST001939,initial,9678,https://www.ebi.ac.uk/gwas/rest/api/v2/studies/GCST001939/ancestries/5001
GCST002785,initial,2844,https://www.ebi.ac.uk/gwas/rest/api/v2/studies/GCST002785/ancestries/10095316
GCST002908,initial,2668,https://www.ebi.ac.uk/gwas/rest/api/v2/studies/GCST002908/ancestries/10294966
GCST003019,initial,7091,https://www.ebi.ac.uk/gwas/rest/api/v2/studies/GCST003019/ancestries/14870510
GCST003020,initial,7091,https://www.ebi.ac.uk/gwas/rest/api/v2/studies/GCST003020/ancestries/14870516
GCST003021,initial,7091,https://www.ebi.ac.uk/gwas/rest/api/v2/studies/GCST003021/ancestries/14870507
GCST003022,initial,7091,https://www.ebi.ac.uk/gwas/rest/api/v2/studies/GCST003022/ancestries/14870513
GCST003023,initial,7091,https://www.ebi.ac.uk/gwas/rest/api/v2/studies/GCST003023/ancestries/11059502
GCST003474,initial,6357,https://www.ebi.ac.uk/gwas/rest/api/v2/studies/GCST003474/ancestries/14857238
GCST003475,initial,2922,https://www.ebi.ac.uk/gwas/rest/api/v2/studies/GCST003475/ancestries/16543619
GCST003476,initial,2922,https://www.ebi.ac.uk/gwas/rest/api/v2/studies/GCST003476/ancestries/16543626
GCST003477,initial,2922,https://www.ebi.ac.uk/gwas/rest/api/v2/studies/GCST003477/ancestries/16543633
GCST003478,initial,6357,https://www.ebi.ac.uk/gwas/rest/api/v2/studies/GCST003478/ancestries/16543640
GCST003479,initial,6357,https://www.ebi.ac.uk/gwas/rest/api/v2/studies/GCST003479/ancestries/16543648
GCST003591,initial,502,https://www.ebi.ac.uk/gwas/rest/api/v2/studies/GCST003591/ancestries/15769789
GCST003996,initial,69284,https://www.ebi.ac.uk/gwas/rest/api/v2/studies/GCST003996/ancestries/17944352
GCST005093,initial,377,https://www.ebi.ac.uk/gwas/rest/api/v2/studies/GCST005093/ancestries/24956046
GCST005094,initial,377,https://www.ebi.ac.uk/gwas/rest/api/v2/studies/GCST005094/ancestries/24956037
GCST005095,initial,377,https://www.ebi.ac.uk/gwas/rest/api/v2/studies/GCST005095/ancestries/24956094
GCST005096,initial,377,https://www.ebi.ac.uk/gwas/rest/api/v2/studies/GCST005096/ancestries/24956086
GCST005188,initial,216,https://www.ebi.ac.uk/gwas/rest/api/v2/studies/GCST005188/ancestries/27275214
GCST005188,replication,240,https://www.ebi.ac.uk/gwas/rest/api/v2/studies/GCST005188/ancestries/27275216
GCST005189,initial,216,https://www.ebi.ac.uk/gwas/rest/api/v2/studies/GCST005189/ancestries/27275239
GCST005189,replication,240,https://www.ebi.ac.uk/gwas/rest/api/v2/studies/GCST005189/ancestries/27275240
GCST005191,replication,15,https://www.ebi.ac.uk/gwas/rest/api/v2/studies/GCST005191/ancestries/27296732
GCST005191,initial,16763,https://www.ebi.ac.uk/gwas/rest/api/v2/studies/GCST005191/ancestries/27202995
GCST005191,replication,2340,https://www.ebi.ac.uk/gwas/rest/api/v2/studies/GCST005191/ancestries/27202998
GCST005191,replication,2899,https://www.ebi.ac.uk/gwas/rest/api/v2/studies/GCST005191/ancestries/27203000
GCST005191,replication,709,https://www.ebi.ac.uk/gwas/rest/api/v2/studies/GCST005191/ancestries/27203002
GCST005191,replication,6238,https://www.ebi.ac.uk/gwas/rest/api/v2/studies/GCST005191/ancestries/27203004
GCST005897,initial,121296,https://www.ebi.ac.uk/gwas/rest/api/v2/studies/GCST005897/ancestries/30770817
GCST005897,replication,55382,https://www.ebi.ac.uk/gwas/rest/api/v2/studies/GCST005897/ancestries/30770827
GCST006075,initial,290891,https://www.ebi.ac.uk/gwas/rest/api/v2/studies/GCST006075/ancestries/30548134
GCST006075,replication,27865,https://www.ebi.ac.uk/gwas/rest/api/v2/studies/GCST006075/ancestries/30548136
GCST006091,initial,11182,https://www.ebi.ac.uk/gwas/rest/api/v2/studies/GCST006091/ancestries/31658733
GCST006093,initial,3941,https://www.ebi.ac.uk/gwas/rest/api/v2/studies/GCST006093/ancestries/31658816
GCST006094,initial,4878,https://www.ebi.ac.uk/gwas/rest/api/v2/studies/GCST006094/ancestries/31658828
GCST006095,initial,11244,https://www.ebi.ac.uk/gwas/rest/api/v2/studies/GCST006095/ancestries/31658842
GCST006468,initial,2899,https://www.ebi.ac.uk/gwas/rest/api/v2/studies/GCST006468/ancestries/27573868
GCST006468,replication,709,https://www.ebi.ac.uk/gwas/rest/api/v2/studies/GCST006468/ancestries/27573870
GCST006706,initial,2961,https://www.ebi.ac.uk/gwas/rest/api/v2/studies/GCST006706/ancestries/35275616
GCST006706,initial,721,https://www.ebi.ac.uk/gwas/rest/api/v2/studies/GCST006706/ancestries/35275618
GCST006706,initial,2301,https://www.ebi.ac.uk/gwas/rest/api/v2/studies/GCST006706/ancestries/35275620
GCST006706,replication,4411,https://www.ebi.ac.uk/gwas/rest/api/v2/studies/GCST006706/ancestries/35275624
GCST006986,initial,299651,https://www.ebi.ac.uk/gwas/rest/api/v2/studies/GCST006986/ancestries/35788977
GCST006988,initial,323317,https://www.ebi.ac.uk/gwas/rest/api/v2/studies/GCST006988/ancestries/35790526
GCST006989,initial,283920,https://www.ebi.ac.uk/gwas/rest/api/v2/studies/GCST006989/ancestries/35790533
GCST007082,initial,452000,https://www.ebi.ac.uk/gwas/rest/api/v2/studies/GCST007082/ancestries/36013002
GCST007086,initial,344000,https://www.ebi.ac.uk/gwas/rest/api/v2/studies/GCST007086/ancestries/36013030
GCST007451,initial,6236,https://www.ebi.ac.uk/gwas/rest/api/v2/studies/GCST007451/ancestries/37790161
GCST007452,initial,6236,https://www.ebi.ac.uk/gwas/rest/api/v2/studies/GCST007452/ancestries/37789947
GCST007453,initial,6236,https://www.ebi.ac.uk/gwas/rest/api/v2/studies/GCST007453/ancestries/37790126
GCST007454,initial,6236,https://www.ebi.ac.uk/gwas/rest/api/v2/studies/GCST007454/ancestries/37790133
GCST007455,initial,6236,https://www.ebi.ac.uk/gwas/rest/api/v2/studies/GCST007455/ancestries/37790140
GCST007456,initial,6236,https://www.ebi.ac.uk/gwas/rest/api/v2/studies/GCST007456/ancestries/37790154
GCST007457,initial,6236,https://www.ebi.ac.uk/gwas/rest/api/v2/studies/GCST007457/ancestries/37790147
GCST007486,initial,4988,https://www.ebi.ac.uk/gwas/rest/api/v2/studies/GCST007486/ancestries/41334102
GCST007488,initial,4988,https://www.ebi.ac.uk/gwas/rest/api/v2/studies/GCST007488/ancestries/41334095
GCST007489,initial,4988,https://www.ebi.ac.uk/gwas/rest/api/v2/studies/GCST007489/ancestries/41334088
GCST007739,initial,720,https://www.ebi.ac.uk/gwas/rest/api/v2/studies/GCST007739/ancestries/41450628
GCST007740,initial,329,https://www.ebi.ac.uk/gwas/rest/api/v2/studies/GCST007740/ancestries/41450635
GCST007741,initial,329,https://www.ebi.ac.uk/gwas/rest/api/v2/studies/GCST007741/ancestries/41450642
GCST007742,initial,329,https://www.ebi.ac.uk/gwas/rest/api/v2/studies/GCST007742/ancestries/41450656
GCST007743,initial,329,https://www.ebi.ac.uk/gwas/rest/api/v2/studies/GCST007743/ancestries/41450649
GCST008516,initial,684,https://www.ebi.ac.uk/gwas/rest/api/v2/studies/GCST008516/ancestries/47686912
GCST008516,initial,1047,https://www.ebi.ac.uk/gwas/rest/api/v2/studies/GCST008516/ancestries/47686914
GCST008516,initial,373,https://www.ebi.ac.uk/gwas/rest/api/v2/studies/GCST008516/ancestries/47686915
GCST008518,initial,762,https://www.ebi.ac.uk/gwas/rest/api/v2/studies/GCST008518/ancestries/47686924
GCST008519,initial,684,https://www.ebi.ac.uk/gwas/rest/api/v2/studies/GCST008519/ancestries/47461143
GCST008519,replication,,https://www.ebi.ac.uk/gwas/rest/api/v2/studies/GCST008519/ancestries/47461164
GCST008519,initial,1047,https://www.ebi.ac.uk/gwas/rest/api/v2/studies/GCST008519/ancestries/47461127
GCST008519,initial,373,https://www.ebi.ac.uk/gwas/rest/api/v2/studies/GCST008519/ancestries/47461135
GCST010302,initial,352662,https://www.ebi.ac.uk/gwas/rest/api/v2/studies/GCST010302/ancestries/61783075
GCST010302,initial,411948,https://www.ebi.ac.uk/gwas/rest/api/v2/studies/GCST010302/ancestries/61783067
GCST011355,initial,395,https://www.ebi.ac.uk/gwas/rest/api/v2/studies/GCST011355/ancestries/77843288
GCST011355,replication,681,https://www.ebi.ac.uk/gwas/rest/api/v2/studies/GCST011355/ancestries/77843726
GCST011640,initial,2225,https://www.ebi.ac.uk/gwas/rest/api/v2/studies/GCST011640/ancestries/63771240
GCST011641,initial,2225,https://www.ebi.ac.uk/gwas/rest/api/v2/studies/GCST011641/ancestries/63771232
GCST012219,initial,157485,https://www.ebi.ac.uk/gwas/rest/api/v2/studies/GCST012219/ancestries/80452133
GCST012219,replication,35501,https://www.ebi.ac.uk/gwas/rest/api/v2/studies/GCST012219/ancestries/80452138
GCST012219,replication,959,https://www.ebi.ac.uk/gwas/rest/api/v2/studies/GCST012219/ancestries/90817227
GCST012219,replication,677,https://www.ebi.ac.uk/gwas/rest/api/v2/studies/GCST012219/ancestries/90817230
GCST90002283,initial,11079,https://www.ebi.ac.uk/gwas/rest/api/v2/studies/GCST90002283/ancestries/62401061
GCST90002283,replication,5940,https://www.ebi.ac.uk/gwas/rest/api/v2/studies/GCST90002283/ancestries/62406652
GCST90002284,initial,11079,https://www.ebi.ac.uk/gwas/rest/api/v2/studies/GCST90002284/ancestries/62401068
GCST90002284,replication,5940,https://www.ebi.ac.uk/gwas/rest/api/v2/studies/GCST90002284/ancestries/62406656
GCST90020054,replication,5940,https://www.ebi.ac.uk/gwas/rest/api/v2/studies/GCST90020054/ancestries/93018925
GCST90020054,initial,11079,https://www.ebi.ac.uk/gwas/rest/api/v2/studies/GCST90020054/ancestries/93015094
GCST90020056,replication,5940,https://www.ebi.ac.uk/gwas/rest/api/v2/studies/GCST90020056/ancestries/93018937
GCST90020056,initial,11079,https://www.ebi.ac.uk/gwas/rest/api/v2/studies/GCST90020056/ancestries/93015108
GCST90026488,initial,1108,https://www.ebi.ac.uk/gwas/rest/api/v2/studies/GCST90026488/ancestries/93453745
GCST90026489,initial,1108,https://www.ebi.ac.uk/gwas/rest/api/v2/studies/GCST90026489/ancestries/93453757
GCST90026490,initial,1108,https://www.ebi.ac.uk/gwas/rest/api/v2/studies/GCST90026490/ancestries/93453774
GCST90026491,initial,1108,https://www.ebi.ac.uk/gwas/rest/api/v2/studies/GCST90026491/ancestries/93453786
GCST90041836,initial,455164,https://www.ebi.ac.uk/gwas/rest/api/v2/studies/GCST90041836/ancestries/93413269
GCST90041837,initial,455164,https://www.ebi.ac.uk/gwas/rest/api/v2/studies/GCST90041837/ancestries/93413811
GCST90041838,initial,455164,https://www.ebi.ac.uk/gwas/rest/api/v2/studies/GCST90041838/ancestries/93413891
GCST90041839,initial,455164,https://www.ebi.ac.uk/gwas/rest/api/v2/studies/GCST90041839/ancestries/93414255
GCST90041840,initial,455164,https://www.ebi.ac.uk/gwas/rest/api/v2/studies/GCST90041840/ancestries/93414348
GCST90077597,initial,425361,https://www.ebi.ac.uk/gwas/rest/api/v2/studies/GCST90077597/ancestries/217674159
GCST90077598,initial,425361,https://www.ebi.ac.uk/gwas/rest/api/v2/studies/GCST90077598/ancestries/217673574
GCST90077599,initial,425361,https://www.ebi.ac.uk/gwas/rest/api/v2/studies/GCST90077599/ancestries/217673899
GCST90077600,initial,425361,https://www.ebi.ac.uk/gwas/rest/api/v2/studies/GCST90077600/ancestries/217673502
GCST90077602,initial,422570,https://www.ebi.ac.uk/gwas/rest/api/v2/studies/GCST90077602/ancestries/217676308
GCST90077603,initial,422570,https://www.ebi.ac.uk/gwas/rest/api/v2/studies/GCST90077603/ancestries/217676083
GCST90077604,initial,422570,https://www.ebi.ac.uk/gwas/rest/api/v2/studies/GCST90077604/ancestries/217675927
GCST90077605,initial,422570,https://www.ebi.ac.uk/gwas/rest/api/v2/studies/GCST90077605/ancestries/217674271
GCST90077606,initial,429979,https://www.ebi.ac.uk/gwas/rest/api/v2/studies/GCST90077606/ancestries/217674687
GCST90077607,initial,429979,https://www.ebi.ac.uk/gwas/rest/api/v2/studies/GCST90077607/ancestries/217675377
GCST90077608,initial,429979,https://www.ebi.ac.uk/gwas/rest/api/v2/studies/GCST90077608/ancestries/217675164
GCST90077609,initial,429979,https://www.ebi.ac.uk/gwas/rest/api/v2/studies/GCST90077609/ancestries/217675076
GCST90077610,initial,429979,https://www.ebi.ac.uk/gwas/rest/api/v2/studies/GCST90077610/ancestries/217675428
GCST90095476,initial,12398,https://www.ebi.ac.uk/gwas/rest/api/v2/studies/GCST90095476/ancestries/95175325
GCST90095477,initial,10990,https://www.ebi.ac.uk/gwas/rest/api/v2/studies/GCST90095477/ancestries/95175363
GCST90095478,initial,10450,https://www.ebi.ac.uk/gwas/rest/api/v2/studies/GCST90095478/ancestries/95175430
GCST90100219,initial,6964,https://www.ebi.ac.uk/gwas/rest/api/v2/studies/GCST90100219/ancestries/95937938
GCST90100219,replication,1787,https://www.ebi.ac.uk/gwas/rest/api/v2/studies/GCST90100219/ancestries/95937940
GCST90100219,replication,266,https://www.ebi.ac.uk/gwas/rest/api/v2/studies/GCST90100219/ancestries/95937942
GCST90104590,initial,730,https://www.ebi.ac.uk/gwas/rest/api/v2/studies/GCST90104590/ancestries/97365714
GCST90104591,initial,730,https://www.ebi.ac.uk/gwas/rest/api/v2/studies/GCST90104591/ancestries/97365799
GCST90134452,initial,998,https://www.ebi.ac.uk/gwas/rest/api/v2/studies/GCST90134452/ancestries/100392776
GCST90146356,initial,9515,https://www.ebi.ac.uk/gwas/rest/api/v2/studies/GCST90146356/ancestries/100653895
GCST90146356,replication,2431,https://www.ebi.ac.uk/gwas/rest/api/v2/studies/GCST90146356/ancestries/100653897
GCST90146360,initial,6579,https://www.ebi.ac.uk/gwas/rest/api/v2/studies/GCST90146360/ancestries/100653950
GCST90146360,replication,1672,https://www.ebi.ac.uk/gwas/rest/api/v2/studies/GCST90146360/ancestries/100653952
GCST90246327,initial,27254,https://www.ebi.ac.uk/gwas/rest/api/v2/studies/GCST90246327/ancestries/103607530
GCST90255681,initial,4979,https://www.ebi.ac.uk/gwas/rest/api/v2/studies/GCST90255681/ancestries/104178631
GCST90255682,initial,4945,https://www.ebi.ac.uk/gwas/rest/api/v2/studies/GCST90255682/ancestries/104178737
GCST90255683,initial,4702,https://www.ebi.ac.uk/gwas/rest/api/v2/studies/GCST90255683/ancestries/104178867
GCST90255684,initial,4987,https://www.ebi.ac.uk/gwas/rest/api/v2/studies/GCST90255684/ancestries/104179434
GCST90255685,initial,4984,https://www.ebi.ac.uk/gwas/rest/api/v2/studies/GCST90255685/ancestries/104179477
GCST90255686,initial,4985,https://www.ebi.ac.uk/gwas/rest/api/v2/studies/GCST90255686/ancestries/104179640
GCST90255687,initial,4973,https://www.ebi.ac.uk/gwas/rest/api/v2/studies/GCST90255687/ancestries/104179781
GCST90255688,initial,4933,https://www.ebi.ac.uk/gwas/rest/api/v2/studies/GCST90255688/ancestries/104180376
GCST90255689,initial,4933,https://www.ebi.ac.uk/gwas/rest/api/v2/studies/GCST90255689/ancestries/104180794
GCST90255690,initial,4985,https://www.ebi.ac.uk/gwas/rest/api/v2/studies/GCST90255690/ancestries/104181138
GCST90269962,initial,358,https://www.ebi.ac.uk/gwas/rest/api/v2/studies/GCST90269962/ancestries/118857893
GCST90269963,initial,358,https://www.ebi.ac.uk/gwas/rest/api/v2/studies/GCST90269963/ancestries/118857919
GCST90269964,initial,358,https://www.ebi.ac.uk/gwas/rest/api/v2/studies/GCST90269964/ancestries/118857945
GCST90269965,initial,358,https://www.ebi.ac.uk/gwas/rest/api/v2/studies/GCST90269965/ancestries/118857971
GCST90480474,initial,121710,https://www.ebi.ac.uk/gwas/rest/api/v2/studies/GCST90480474/ancestries/226122053
GCST90480474,initial,451103,https://www.ebi.ac.uk/gwas/rest/api/v2/studies/GCST90480474/ancestries/226122055
GCST90502779,initial,2424,https://www.ebi.ac.uk/gwas/rest/api/v2/studies/GCST90502779/ancestries/191173935
GCST90502780,initial,2424,https://www.ebi.ac.uk/gwas/rest/api/v2/studies/GCST90502780/ancestries/191173947
GCST90502781,initial,2424,https://www.ebi.ac.uk/gwas/rest/api/v2/studies/GCST90502781/ancestries/191173959
GCST90502784,initial,2424,https://www.ebi.ac.uk/gwas/rest/api/v2/studies/GCST90502784/ancestries/191173985
GCST90502785,initial,2424,https://www.ebi.ac.uk/gwas/rest/api/v2/studies/GCST90502785/ancestries/191173997
GCST90671959,initial,4099,https://www.ebi.ac.uk/gwas/rest/api/v2/studies/GCST90671959/ancestries/193101415
GCST90835923,initial,346556,https://www.ebi.ac.uk/gwas/rest/api/v2/studies/GCST90835923/ancestries/219059642
GCST90835923,initial,11244,https://www.ebi.ac.uk/gwas/rest/api/v2/studies/GCST90835923/ancestries/219059644
GCST90854270,initial,1544,https://www.ebi.ac.uk/gwas/rest/api/v2/studies/GCST90854270/ancestries/223072292
GCST90854271,initial,1544,https://www.ebi.ac.uk/gwas/rest/api/v2/studies/GCST90854271/ancestries/223072479
GCST90854272,initial,1544,https://www.ebi.ac.uk/gwas/rest/api/v2/studies/GCST90854272/ancestries/223072681
GCST90854296,initial,219751,https://www.ebi.ac.uk/gwas/rest/api/v2/studies/GCST90854296/ancestries/219059660
GCST90939791,initial,65629,https://www.ebi.ac.uk/gwas/rest/api/v2/studies/GCST90939791/ancestries/222644396
