study_id,pubmed_id,discovery_n,replication_n,source_url
GCST000115,17952075,2986,3932,https://www.ebi.ac.uk/gwas/rest/api/v2/studies/GCST000115/ancestries
GCST000116,17952075,2986,3932,https://www.ebi.ac.uk/gwas/rest/api/v2/studies/GCST000116/ancestries
GCST000117,17952075,2986,3932,https://www.ebi.ac.uk/gwas/rest/api/v2/studies/GCST000117/ancestries
GCST000118,17952075,2986,3932,https://www.ebi.ac.uk/gwas/rest/api/v2/studies/GCST000118/ancestries
GCST000119,17952075,2986,3932,https://www.ebi.ac.uk/gwas/rest/api/v2/studies/GCST000119/ancestries
GCST000120,17952075,2986,3932,https://www.ebi.ac.uk/gwas/rest/api/v2/studies/GCST000120/ancestries
GCST000146,18252221,1406,6867,https://www.ebi.ac.uk/gwas/rest/api/v2/studies/GCST000146/ancestries
GCST000190,18483556,2287,8465,https://www.ebi.ac.uk/gwas/rest/api/v2/studies/GCST000190/ancestries
GCST000191,18483556,2287,8465,https://www.ebi.ac.uk/gwas/rest/api/v2/studies/GCST000191/ancestries
GCST000192,18488028,5130,3330,https://www.ebi.ac.uk/gwas/rest/api/v2/studies/GCST000192/ancestries
GCST000193,18488028,5130,3330,https://www.ebi.ac.uk/gwas/rest/api/v2/studies/GCST000193/ancestries
GCST000194,18488028,5130,3330,https://www.ebi.ac.uk/gwas/rest/api/v2/studies/GCST000194/ancestries
GCST000195,18488028,5130,3330,https://www.ebi.ac.uk/gwas/rest/api/v2/studies/GCST000195/ancestries
GCST000196,18488028,5130,3330,https://www.ebi.ac.uk/gwas/rest/api/v2/studies/GCST000196/ancestries
GCST000197,18488028,5130,3330,https://www.ebi.ac.uk/gwas/rest/api/v2/studies/GCST000197/ancestries
GCST000371,19340012,2287,870,https://www.ebi.ac.uk/gwas/rest/api/v2/studies/GCST000371/ancestries
GCST000519,19896111,20985,,https://www.ebi.ac.uk/gwas/rest/api/v2/studies/GCST000519/ancestries
GCST000685,20463881,5951,3543,https://www.ebi.ac.uk/gwas/rest/api/v2/studies/GCST000685/ancestries
GCST000706,20585627,9126,,https://www.ebi.ac.uk/gwas/rest/api/v2/studies/GCST000706/ancestries
GCST000707,20585627,9126,,https://www.ebi.ac.uk/gwas/rest/api/v2/studies/GCST000707/ancestries
GCST000708,20585627,9126,,https://www.ebi.ac.uk/gwas/rest/api/v2/studies/GCST000708/ancestries
GCST000710,20585627,9126,,https://www.ebi.ac.uk/gwas/rest/api/v2/studies/GCST000710/ancestries
GCST001507,22556244,85,,https://www.ebi.ac.uk/gwas/rest/api/v2/studies/GCST001507/ancestries
GCST001723,23118974,175,293,https://www.ebi.ac.uk/gwas/rest/api/v2/studies/GCST001723/ancestries
GCST001929,23548203,3871,2496,https://www.ebi.ac.uk/gwas/rest/api/v2/studies/GCST001929/ancestries
GCST001932,23548203,7070,4155,https://www.ebi.ac.uk/gwas/rest/api/v2/studies/GCST001932/ancestries
GCST001933,23548203,9283,4236,https://www.ebi.ac.uk/gwas/rest/api/v2/studies/GCST001933/ancestries
GCST001939,23548203,9678,,https://www.ebi.ac.uk/gwas/rest/api/v2/studies/GCST001939/ancestries
GCST002785,25705849,2844,,https://www.ebi.ac.uk/gwas/rest/api/v2/studies/GCST002785/ancestries
GCST002908,25963972,2668,,https://www.ebi.ac.uk/gwas/rest/api/v2/studies/GCST002908/ancestries
GCST003019,26184321,7091,,https://www.ebi.ac.uk/gwas/rest/api/v2/studies/GCST003019/ancestries
GCST003020,26184321,7091,,https://www.ebi.ac.uk/gwas/rest/api/v2/studies/GCST003020/ancestries
GCST003021,26184321,7091,,https://www.ebi.ac.uk/gwas/rest/api/v2/studies/GCST003021/ancestries
GCST003022,26184321,7091,,https://www.ebi.ac.uk/gwas/rest/api/v2/studies/GCST003022/ancestries
GCST003023,26184321,7091,,https://www.ebi.ac.uk/gwas/rest/api/v2/studies/GCST003023/ancestries
GCST003474,26926045,6357,,https://www.ebi.ac.uk/gwas/rest/api/v2/studies/GCST003474/ancestries
GCST003475,26926045,2922,,https://www.ebi.ac.uk/gwas/rest/api/v2/studies/GCST003475/ancestries
GCST003476,26926045,2922,,https://www.ebi.ac.uk/gwas/rest/api/v2/studies/GCST003476/ancestries
GCST003477,26926045,2922,,https://www.ebi.ac.uk/gwas/rest/api/v2/studies/GCST003477/ancestries
GCST003478,26926045,6357,,https://www.ebi.ac.uk/gwas/rest/api/v2/studies/GCST003478/ancestries
GCST003479,26926045,6357,,https://www.ebi.ac.uk/gwas/rest/api/v2/studies/GCST003479/ancestries
GCST003591,27327535,502,,https://www.ebi.ac.uk/gwas/rest/api/v2/studies/GCST003591/ancestries
GCST003996,27182965,69284,,https://www.ebi.ac.uk/gwas/rest/api/v2/studies/GCST003996/ancestries
GCST005093,29109912,377,,https://www.ebi.ac.uk/gwas/rest/api/v2/studies/GCST005093/ancestries
GCST005094,29109912,377,,https://www.ebi.ac.uk/gwas/rest/api/v2/studies/GCST005094/ancestries
GCST005095,29109912,377,,https://www.ebi.ac.uk/gwas/rest/api/v2/studies/GCST005095/ancestries
GCST005096,29109912,377,,https://www.ebi.ac.uk/gwas/rest/api/v2/studies/GCST005096/ancestries
GCST005188,29195075,216,240,https://www.ebi.ac.uk/gwas/rest/api/v2/studies/GCST005188/ancestries
GCST005189,29195075,216,240,https://www.ebi.ac.uk/gwas/rest/api/v2/studies/GCST005189/ancestries
GCST005191,29220522,16763,12201,https://www.ebi.ac.uk/gwas/rest/api/v2/studies/GCST005191/ancestries
GCST005897,29739929,121296,55382,https://www.ebi.ac.uk/gwas/rest/api/v2/studies/GCST005897/ancestries
GCST006075,29662168,290891,27865,https://www.ebi.ac.uk/gwas/rest/api/v2/studies/GCST006075/ancestries
GCST006091,29895819,11182,,https://www.ebi.ac.uk/gwas/rest/api/v2/studies/GCST006091/ancestries
GCST006093,29895819,3941,,https://www.ebi.ac.uk/gwas/rest/api/v2/studies/GCST006093/ancestries
GCST006094,29895819,4878,,https://www.ebi.ac.uk/gwas/rest/api/v2/studies/GCST006094/ancestries
GCST006095,29895819,11244,,https://www.ebi.ac.uk/gwas/rest/api/v2/studies/GCST006095/ancestries
GCST006468,27487801,2899,709,https://www.ebi.ac.uk/gwas/rest/api/v2/studies/GCST006468/ancestries
GCST006706,30248107,5983,4411,https://www.ebi.ac.uk/gwas/rest/api/v2/studies/GCST006706/ancestries
GCST006986,30531825,299651,,https://www.ebi.ac.uk/gwas/rest/api/v2/studies/GCST006986/ancestries
GCST006988,30531825,323317,,https://www.ebi.ac.uk/gwas/rest/api/v2/studies/GCST006988/ancestries
GCST006989,30531825,283920,,https://www.ebi.ac.uk/gwas/rest/api/v2/studies/GCST006989/ancestries
GCST007082,30595370,452000,,https://www.ebi.ac.uk/gwas/rest/api/v2/studies/GCST007082/ancestries
GCST007086,30595370,344000,,https://www.ebi.ac.uk/gwas/rest/api/v2/studies/GCST007086/ancestries
GCST007451,30664655,6236,,https://www.ebi.ac.uk/gwas/rest/api/v2/studies/GCST007451/ancestries
GCST007452,30664655,6236,,https://www.ebi.ac.uk/gwas/rest/api/v2/studies/GCST007452/ancestries
GCST007453,30664655,6236,,https://www.ebi.ac.uk/gwas/rest/api/v2/studies/GCST007453/ancestries
GCST007454,30664655,6236,,https://www.ebi.ac.uk/gwas/rest/api/v2/studies/GCST007454/ancestries
GCST007455,30664655,6236,,https://www.ebi.ac.uk/gwas/rest/api/v2/studies/GCST007455/ancestries
GCST007456,30664655,6236,,https://www.ebi.ac.uk/gwas/rest/api/v2/studies/GCST007456/ancestries
GCST007457,30664655,6236,,https://www.ebi.ac.uk/gwas/rest/api/v2/studies/GCST007457/ancestries
GCST007486,30166351,4988,,https://www.ebi.ac.uk/gwas/rest/api/v2/studies/GCST007486/ancestries
GCST007488,30166351,4988,,https://www.ebi.ac.uk/gwas/rest/api/v2/studies/GCST007488/ancestries
GCST007489,30166351,4988,,https://www.ebi.ac.uk/gwas/rest/api/v2/studies/GCST007489/ancestries
GCST007739,30895295,720,,https://www.ebi.ac.uk/gwas/rest/api/v2/studies/GCST007739/ancestries
GCST007740,30895295,329,,https://www.ebi.ac.uk/gwas/rest/api/v2/studies/GCST007740/ancestries
GCST007741,30895295,329,,https://www.ebi.ac.uk/gwas/rest/api/v2/studies/GCST007741/ancestries
GCST007742,30895295,329,,https://www.ebi.ac.uk/gwas/rest/api/v2/studies/GCST007742/ancestries
GCST007743,30895295,329,,https://www.ebi.ac.uk/gwas/rest/api/v2/studies/GCST007743/ancestries
GCST008516,31315583,2104,,https://www.ebi.ac.uk/gwas/rest/api/v2/studies/GCST008516/ancestries
GCST008518,31315583,762,,https://www.ebi.ac.uk/gwas/rest/api/v2/studies/GCST008518/ancestries
GCST008519,31315583,2104,,https://www.ebi.ac.uk/gwas/rest/api/v2/studies/GCST008519/ancestries
GCST010302,32341527,764610,,https://www.ebi.ac.uk/gwas/rest/api/v2/studies/GCST010302/ancestries
GCST011355,33600456,395,681,https://www.ebi.ac.uk/gwas/rest/api/v2/studies/GCST011355/ancestries
GCST011640,33190678,2225,,https://www.ebi.ac.uk/gwas/rest/api/v2/studies/GCST011640/ancestries
GCST011641,33190678,2225,,https://www.ebi.ac.uk/gwas/rest/api/v2/studies/GCST011641/ancestries
GCST012219,33692100,157485,37137,https://www.ebi.ac.uk/gwas/rest/api/v2/studies/GCST012219/ancestries
GCST90002283,32835660,11079,5940,https://www.ebi.ac.uk/gwas/rest/api/v2/studies/GCST90002283/ancestries
GCST90002284,32835660,11079,5940,https://www.ebi.ac.uk/gwas/rest/api/v2/studies/GCST90002284/ancestries
GCST90020054,34648798,11079,5940,https://www.ebi.ac.uk/gwas/rest/api/v2/studies/GCST90020054/ancestries
GCST90020056,34648798,11079,5940,https://www.ebi.ac.uk/gwas/rest/api/v2/studies/GCST90020056/ancestries
GCST90026488,34265127,1108,,https://www.ebi.ac.uk/gwas/rest/api/v2/studies/GCST90026488/ancestries
GCST90026489,34265127,1108,,https://www.ebi.ac.uk/gwas/rest/api/v2/studies/GCST90026489/ancestries
GCST90026490,34265127,1108,,https://www.ebi.ac.uk/gwas/rest/api/v2/studies/GCST90026490/ancestries
GCST90026491,34265127,1108,,https://www.ebi.ac.uk/gwas/rest/api/v2/studies/GCST90026491/ancestries
GCST90041836,34737426,455164,,https://www.ebi.ac.uk/gwas/rest/api/v2/studies/GCST90041836/ancestries
GCST90041837,34737426,455164,,https://www.ebi.ac.uk/gwas/rest/api/v2/studies/GCST90041837/ancestries
GCST90041838,34737426,455164,,https://www.ebi.ac.uk/gwas/rest/api/v2/studies/GCST90041838/ancestries
GCST90041839,34737426,455164,,https://www.ebi.ac.uk/gwas/rest/api/v2/studies/GCST90041839/ancestries
GCST90041840,34737426,455164,,https://www.ebi.ac.uk/gwas/rest/api/v2/studies/GCST90041840/ancestries
GCST90077597,34662886,425361,,https://www.ebi.ac.uk/gwas/rest/api/v2/studies/GCST90077597/ancestries
GCST90077598,34662886,425361,,https://www.ebi.ac.uk/gwas/rest/api/v2/studies/GCST90077598/ancestries
GCST90077599,34662886,425361,,https://www.ebi.ac.uk/gwas/rest/api/v2/studies/GCST90077599/ancestries
GCST90077600,34662886,425361,,https://www.ebi.ac.uk/gwas/rest/api/v2/studies/GCST90077600/ancestries
GCST90077602,34662886,422570,,https://www.ebi.ac.uk/gwas/rest/api/v2/studies/GCST90077602/ancestries
GCST90077603,34662886,422570,,https://www.ebi.ac.uk/gwas/rest/api/v2/studies/GCST90077603/ancestries
GCST90077604,34662886,422570,,https://www.ebi.ac.uk/gwas/rest/api/v2/studies/GCST90077604/ancestries
GCST90077605,34662886,422570,,https://www.ebi.ac.uk/gwas/rest/api/v2/studies/GCST90077605/ancestries
GCST90077606,34662886,429979,,https://www.ebi.ac.uk/gwas/rest/api/v2/studies/GCST90077606/ancestries
GCST90077607,34662886,429979,,https://www.ebi.ac.uk/gwas/rest/api/v2/studies/GCST90077607/ancestries
GCST90077608,34662886,429979,,https://www.ebi.ac.uk/gwas/rest/api/v2/studies/GCST90077608/ancestries
GCST90077609,34662886,429979,,https://www.ebi.ac.uk/gwas/rest/api/v2/studies/GCST90077609/ancestries
GCST90077610,34662886,429979,,https://www.ebi.ac.uk/gwas/rest/api/v2/studies/GCST90077610/ancestries
GCST90095476,34737440,12398,,https://www.ebi.ac.uk/gwas/rest/api/v2/studies/GCST90095476/ancestries
GCST90095477,34737440,10990,,https://www.ebi.ac.uk/gwas/rest/api/v2/studies/GCST90095477/ancestries
GCST90095478,34737440,10450,,https://www.ebi.ac.uk/gwas/rest/api/v2/studies/GCST90095478/ancestries
GCST90100219,34570997,6964,2053,https://www.ebi.ac.uk/gwas/rest/api/v2/studies/GCST90100219/ancestries
GCST90104590,35313536,730,,https://www.ebi.ac.uk/gwas/rest/api/v2/studies/GCST90104590/ancestries
GCST90104591,35313536,730,,https://www.ebi.ac.uk/gwas/rest/api/v2/studies/GCST90104591/ancestries
GCST90134452,35888748,998,,https://www.ebi.ac.uk/gwas/rest/api/v2/studies/GCST90134452/ancestries
GCST90146356,36035146,9515,2431,https://www.ebi.ac.uk/gwas/rest/api/v2/studies/GCST90146356/ancestries
GCST90146360,36035146,6579,1672,https://www.ebi.ac.uk/gwas/rest/api/v2/studies/GCST90146360/ancestries
GCST90246327,36536295,27254,,https://www.ebi.ac.uk/gwas/rest/api/v2/studies/GCST90246327/ancestries
GCST90255681,36672889,4979,,https://www.ebi.ac.uk/gwas/rest/api/v2/studies/GCST90255681/ancestries
GCST90255682,36672889,4945,,https://www.ebi.ac.uk/gwas/rest/api/v2/studies/GCST90255682/ancestries
GCST90255683,36672889,4702,,https://www.ebi.ac.uk/gwas/rest/api/v2/studies/GCST90255683/ancestries
GCST90255684,36672889,4987,,https://www.ebi.ac.uk/gwas/rest/api/v2/studies/GCST90255684/ancestries
GCST90255685,36672889,4984,,https://www.ebi.ac.uk/gwas/rest/api/v2/studies/GCST90255685/ancestries
GCST90255686,36672889,4985,,https://www.ebi.ac.uk/gwas/rest/api/v2/studies/GCST90255686/ancestries
GCST90255687,36672889,4973,,https://www.ebi.ac.uk/gwas/rest/api/v2/studies/GCST90255687/ancestries
GCST90255688,36672889,4933,,https://www.ebi.ac.uk/gwas/rest/api/v2/studies/GCST90255688/ancestries
GCST90255689,36672889,4933,,https://www.ebi.ac.uk/gwas/rest/api/v2/studies/GCST90255689/ancestries
GCST90255690,36672889,4985,,https://www.ebi.ac.uk/gwas/rest/api/v2/studies/GCST90255690/ancestries
GCST90269962,37294081,358,,https://www.ebi.ac.uk/gwas/rest/api/v2/studies/GCST90269962/ancestries
GCST90269963,37294081,358,,https://www.ebi.ac.uk/gwas/rest/api/v2/studies/GCST90269963/ancestries
GCST90269964,37294081,358,,https://www.ebi.ac.uk/gwas/rest/api/v2/studies/GCST90269964/ancestries
GCST90269965,37294081,358,,https://www.ebi.ac.uk/gwas/rest/api/v2/studies/GCST90269965/ancestries
GCST90480474,39024449,572813,,https://www.ebi.ac.uk/gwas/rest/api/v2/studies/GCST90480474/ancestries
GCST90502779,40010489,2424,,https://www.ebi.ac.uk/gwas/rest/api/v2/studies/GCST90502779/ancestries
GCST90502780,40010489,2424,,https://www.ebi.ac.uk/gwas/rest/api/v2/studies/GCST90502780/ancestries
GCST90502781,40010489,2424,,https://www.ebi.ac.uk/gwas/rest/api/v2/studies/GCST90502781/ancestries
GCST90502784,40010489,2424,,https://www.ebi.ac.uk/gwas/rest/api/v2/studies/GCST90502784/ancestries
GCST90502785,40010489,2424,,https://www.ebi.ac.uk/gwas/rest/api/v2/studies/GCST90502785/ancestries
GCST90671959,37565938,4099,,https://www.ebi.ac.uk/gwas/rest/api/v2/studies/GCST90671959/ancestries
GCST90835923,42190866,357800,,https://www.ebi.ac.uk/gwas/rest/api/v2/studies/GCST90835923/ancestries
GCST90854270,42586059,1544,,https://www.ebi.ac.uk/gwas/rest/api/v2/studies/GCST90854270/ancestries
GCST90854271,42586059,1544,,https://www.ebi.ac.uk/gwas/rest/api/v2/studies/GCST90854271/ancestries
GCST90854272,42586059,1544,,https://www.ebi.ac.uk/gwas/rest/api/v2/studies/GCST90854272/ancestries
GCST90854296,42190866,219751,,https://www.ebi.ac.uk/gwas/rest/api/v2/studies/GCST90854296/ancestries
GCST90939791,38728357,65629,,https://www.ebi.ac.uk/gwas/rest/api/v2/studies/GCST90939791/ancestries
