group,gene_symbol,associations,studies,papers,association_ids,study_ids,pubmed_ids,passes_paper_filter
hair,ALX4,3,3,3,"[""19567346"", ""219059635"", ""31658878""]","[""GCST003996"", ""GCST006095"", ""GCST90835923""]","[""27182965"", ""29895819"", ""42190866""]",True
hair,BCL2,2,2,2,"[""219059640"", ""31658865""]","[""GCST006095"", ""GCST90835923""]","[""29895819"", ""42190866""]",True
hair,CCDST,2,2,2,"[""14762804"", ""63771285""]","[""GCST000519"", ""GCST011641""]","[""19896111"", ""33190678""]",True
hair,CIR1P1,2,2,2,"[""193101404"", ""19567279""]","[""GCST003996"", ""GCST90671959""]","[""27182965"", ""37565938""]",True
hair,CIROZ,3,3,3,"[""16543980"", ""219059603"", ""31658874""]","[""GCST003475"", ""GCST006095"", ""GCST90835923""]","[""26926045"", ""29895819"", ""42190866""]",True
hair,EDAR,10,9,5,"[""16543771"", ""16543920"", ""16544102"", ""16544277"", ""19567317"", ""31658821"", ""31658835"", ""35113705"", ""35113884"", ""93453741""]","[""GCST003474"", ""GCST003475"", ""GCST003476"", ""GCST003477"", ""GCST003996"", ""GCST006093"", ""GCST006094"", ""GCST006468"", ""GCST90026488""]","[""26926045"", ""27182965"", ""27487801"", ""29895819"", ""34265127""]",True
hair,FGF5,2,2,2,"[""19567392"", ""219059653""]","[""GCST003996"", ""GCST90854296""]","[""27182965"", ""42190866""]",True
hair,FOXL2NB,2,2,2,"[""16544057"", ""35704976""]","[""GCST003476"", ""GCST006706""]","[""26926045"", ""30248107""]",True
hair,FRAS1,2,2,2,"[""14762803"", ""27296823""]","[""GCST000519"", ""GCST005191""]","[""19896111"", ""29220522""]",True
hair,GMDS-DT,2,2,2,"[""100653893"", ""19567341""]","[""GCST003996"", ""GCST90146356""]","[""27182965"", ""36035146""]",True
hair,HAND1,2,2,2,"[""193101404"", ""19567279""]","[""GCST003996"", ""GCST90671959""]","[""27182965"", ""37565938""]",True
hair,HERC2,10,2,2,"[""19567229"", ""41334451"", ""41334471"", ""41334476"", ""41334501"", ""41334506"", ""41334541"", ""41334546"", ""41334576"", ""41334581""]","[""GCST003996"", ""GCST007486""]","[""27182965"", ""30166351""]",True
hair,IRF4,5,2,2,"[""19567383"", ""41334456"", ""41334486"", ""41334551"", ""41334586""]","[""GCST003996"", ""GCST007486""]","[""27182965"", ""30166351""]",True
hair,KRT8P28,2,2,2,"[""14762800"", ""80654544""]","[""GCST000519"", ""GCST011641""]","[""19896111"", ""33190678""]",True
hair,LIMS1,2,2,2,"[""31658859"", ""35704971""]","[""GCST006095"", ""GCST006706""]","[""29895819"", ""30248107""]",True
hair,LINC00708,2,2,2,"[""16543788"", ""27296827""]","[""GCST003474"", ""GCST005191""]","[""26926045"", ""29220522""]",True
hair,LINC01432,3,2,2,"[""19567414"", ""41334607"", ""41334612""]","[""GCST003996"", ""GCST007486""]","[""27182965"", ""30166351""]",True
hair,LINC01956,2,2,2,"[""19567396"", ""63771297""]","[""GCST003996"", ""GCST011641""]","[""27182965"", ""33190678""]",True
hair,LINC02230,4,4,3,"[""16544140"", ""16544307"", ""19567241"", ""35704986""]","[""GCST003476"", ""GCST003477"", ""GCST003996"", ""GCST006706""]","[""26926045"", ""27182965"", ""30248107""]",True
hair,PAX3,2,2,2,"[""16544264"", ""19567217""]","[""GCST003477"", ""GCST003996""]","[""26926045"", ""27182965""]",True
hair,PRR23A,2,2,2,"[""16544057"", ""35704976""]","[""GCST003476"", ""GCST006706""]","[""26926045"", ""30248107""]",True
hair,RPTN,2,2,2,"[""27296811"", ""63771285""]","[""GCST005191"", ""GCST011641""]","[""29220522"", ""33190678""]",True
hair,S100A11,2,2,2,"[""14762801"", ""63771279""]","[""GCST000519"", ""GCST011641""]","[""19896111"", ""33190678""]",True
hair,SLC24A4,2,2,2,"[""19567263"", ""41334591""]","[""GCST003996"", ""GCST007486""]","[""27182965"", ""30166351""]",True
hair,SLC39A12,2,2,2,"[""19567424"", ""219059631""]","[""GCST003996"", ""GCST90835923""]","[""27182965"", ""42190866""]",True
hair,SLC45A2,7,2,2,"[""19567225"", ""41334461"", ""41334481"", ""41334491"", ""41334516"", ""41334561"", ""41334602""]","[""GCST003996"", ""GCST007486""]","[""27182965"", ""30166351""]",True
hair,SOX2-OT,3,3,3,"[""19567251"", ""31658870"", ""35704981""]","[""GCST003996"", ""GCST006095"", ""GCST006706""]","[""27182965"", ""29895819"", ""30248107""]",True
hair,SPTLC1P4,2,2,2,"[""14762801"", ""63771279""]","[""GCST000519"", ""GCST011641""]","[""19896111"", ""33190678""]",True
hair,TBX15,2,2,2,"[""219059607"", ""31658853""]","[""GCST006095"", ""GCST90835923""]","[""29895819"", ""42190866""]",True
hair,TCHH,5,5,5,"[""14762806"", ""15602"", ""16543743"", ""27296844"", ""63771472""]","[""GCST000519"", ""GCST000706"", ""GCST003474"", ""GCST005191"", ""GCST011640""]","[""19896111"", ""20585627"", ""26926045"", ""29220522"", ""33190678""]",True
hair,THEM4,2,2,2,"[""14762800"", ""80654544""]","[""GCST000519"", ""GCST011641""]","[""19896111"", ""33190678""]",True
hair,TMEM174,4,4,3,"[""16544140"", ""16544307"", ""19567241"", ""35704986""]","[""GCST003476"", ""GCST003477"", ""GCST003996"", ""GCST006706""]","[""26926045"", ""27182965"", ""30248107""]",True
hair,WNT10A,2,2,2,"[""14762809"", ""15604""]","[""GCST000519"", ""GCST000706""]","[""19896111"", ""20585627""]",True
pigmentation,ACSF3,15,6,3,"[""36097202"", ""36097207"", ""36099427"", ""36099432"", ""93413254"", ""93413446"", ""93413452"", ""93413458"", ""93413464"", ""93413470"", ""93413476"", ""93413482"", ""93413488"", ""93414145"", ""95175387""]","[""GCST007082"", ""GCST007086"", ""GCST90041836"", ""GCST90041837"", ""GCST90041839"", ""GCST90095478""]","[""30595370"", ""34737426"", ""34737440""]",True
pigmentation,ADAMTS12,76,10,3,"[""104178753"", ""104178770"", ""104178795"", ""104178807"", ""104179498"", ""104179504"", ""104179524"", ""104179530"", ""104179551"", ""104179557"", ""104179563"", ""104179574"", ""104179596"", ""104179625"", ""104179631"", ""104179656"", ""104179682"", ""104179703"", ""104179720"", ""104179875"", ""104179880"", ""104179885"", ""104179910"", ""104179936"", ""104179946"", ""104179957"", ""104179990"", ""104180021"", ""104180052"", ""104180062"", ""104180068"", ""104180089"", ""104180100"", ""104180105"", ""104180164"", ""104180176"", ""104180330"", ""104180341"", ""104180346"", ""104180352"", ""104180445"", ""104180471"", ""104180486"", ""104180496"", ""104180516"", ""104180546"", ""104180576"", ""104180586"", ""104180591"", ""104180621"", ""104180666"", ""104180776"", ""104180781"", ""104180814"", ""104180840"", ""104180845"", ""104180860"", ""104180885"", ""104180891"", ""104180896"", ""104180901"", ""104180916"", ""104180941"", ""104180947"", ""104180967"", ""104180978"", ""104180983"", ""104180993"", ""104181003"", ""104181043"", ""104181053"", ""104181119"", ""36095890"", ""93413821"", ""93413905"", ""93414265""]","[""GCST007082"", ""GCST90041838"", ""GCST90041839"", ""GCST90041840"", ""GCST90255683"", ""GCST90255686"", ""GCST90255687"", ""GCST90255688"", ""GCST90255689"", ""GCST90255690""]","[""30595370"", ""34737426"", ""36672889""]",True
pigmentation,ADD3,2,2,2,"[""36096455"", ""61986558""]","[""GCST007082"", ""GCST010302""]","[""30595370"", ""32341527""]",True
pigmentation,ADGRV1,3,3,3,"[""35792292"", ""36095968"", ""61986452""]","[""GCST006988"", ""GCST007082"", ""GCST010302""]","[""30531825"", ""30595370"", ""32341527""]",True
pigmentation,AFG3L1P,11,8,4,"[""14882739"", ""14882876"", ""14941846"", ""30827892"", ""30827896"", ""35792945"", ""62419615"", ""93413767"", ""93413773"", ""93413779"", ""93414246""]","[""GCST003020"", ""GCST003021"", ""GCST003022"", ""GCST005897"", ""GCST006986"", ""GCST006988"", ""GCST90041837"", ""GCST90041839""]","[""26184321"", ""29739929"", ""30531825"", ""34737426""]",True
pigmentation,AHNAK,3,3,3,"[""35792739"", ""36096551"", ""61986478""]","[""GCST006988"", ""GCST007082"", ""GCST010302""]","[""30531825"", ""30595370"", ""32341527""]",True
pigmentation,AKAP1,3,3,3,"[""31658779"", ""35792674"", ""36097296""]","[""GCST006091"", ""GCST006988"", ""GCST007082""]","[""29895819"", ""30531825"", ""30595370""]",True
pigmentation,AKAP12,4,4,3,"[""35792609"", ""35793301"", ""36096150"", ""61986470""]","[""GCST006988"", ""GCST006989"", ""GCST007082"", ""GCST010302""]","[""30531825"", ""30595370"", ""32341527""]",True
pigmentation,ALX4,3,2,2,"[""35792658"", ""36096528"", ""36096533""]","[""GCST006988"", ""GCST007082""]","[""30531825"", ""30595370""]",True
pigmentation,AMACR,4,3,2,"[""104180159"", ""104180202"", ""104181125"", ""35792743""]","[""GCST006988"", ""GCST90255688"", ""GCST90255690""]","[""30531825"", ""36672889""]",True
pigmentation,ANKRD11,35,12,6,"[""103607422"", ""104178409"", ""104178460"", ""104178528"", ""104179568"", ""104179730"", ""104179772"", ""104180078"", ""104180606"", ""30828019"", ""30828024"", ""36097212"", ""36097217"", ""36097222"", ""36099437"", ""36099441"", ""93413506"", ""93413512"", ""93413518"", ""93413524"", ""93413530"", ""93413536"", ""93413542"", ""93413548"", ""93413554"", ""93413560"", ""93413566"", ""93413572"", ""93413578"", ""93413584"", ""93413590"", ""93413596"", ""95175307"", ""95175396"", ""95175400""]","[""GCST005897"", ""GCST007082"", ""GCST007086"", ""GCST90041837"", ""GCST90095476"", ""GCST90095478"", ""GCST90246327"", ""GCST90255681"", ""GCST90255686"", ""GCST90255687"", ""GCST90255688"", ""GCST90255689""]","[""29739929"", ""30595370"", ""34737426"", ""34737440"", ""36536295"", ""36672889""]",True
pigmentation,APBA2,10,5,4,"[""104179023"", ""104179058"", ""104179218"", ""36097065"", ""36097070"", ""36097075"", ""47687417"", ""47688605"", ""93413243"", ""93414105""]","[""GCST007082"", ""GCST008516"", ""GCST90041836"", ""GCST90041839"", ""GCST90255684""]","[""30595370"", ""31315583"", ""34737426"", ""36672889""]",True
pigmentation,AREG,2,2,2,"[""35792392"", ""36095807""]","[""GCST006988"", ""GCST007082""]","[""30531825"", ""30595370""]",True
pigmentation,ARHGAP24,3,2,2,"[""35792468"", ""36095831"", ""36095836""]","[""GCST006988"", ""GCST007082""]","[""30531825"", ""30595370""]",True
pigmentation,ARID1B,2,2,2,"[""36099257"", ""41451411""]","[""GCST007086"", ""GCST007741""]","[""30595370"", ""30895295""]",True
pigmentation,ASIP,6,6,3,"[""11223"", ""11224"", ""34063"", ""36097422"", ""6221"", ""6223""]","[""GCST000193"", ""GCST000195"", ""GCST000196"", ""GCST000197"", ""GCST001939"", ""GCST007082""]","[""18488028"", ""23548203"", ""30595370""]",True
pigmentation,ATP10A,2,2,2,"[""36097005"", ""61986609""]","[""GCST007082"", ""GCST010302""]","[""30595370"", ""32341527""]",True
pigmentation,ATP11A,3,3,3,"[""103607517"", ""30827989"", ""36099373""]","[""GCST005897"", ""GCST007086"", ""GCST90246327""]","[""29739929"", ""30595370"", ""36536295""]",True
pigmentation,ATP1B3,2,2,2,"[""35792779"", ""36095758""]","[""GCST006988"", ""GCST007082""]","[""30531825"", ""30595370""]",True
pigmentation,ATP2B1-AS1,2,2,2,"[""36096819"", ""93413125""]","[""GCST007082"", ""GCST90041836""]","[""30595370"", ""34737426""]",True
pigmentation,ATP5MGP4,2,2,2,"[""35792735"", ""36095880""]","[""GCST006988"", ""GCST007082""]","[""30531825"", ""30595370""]",True
pigmentation,ATXN7L1,2,2,2,"[""35792432"", ""36096232""]","[""GCST006988"", ""GCST007082""]","[""30531825"", ""30595370""]",True
pigmentation,AURKBP1,2,2,2,"[""35792476"", ""36096299""]","[""GCST006988"", ""GCST007082""]","[""30531825"", ""30595370""]",True
pigmentation,AXIN2,2,2,2,"[""35792352"", ""36097301""]","[""GCST006988"", ""GCST007082""]","[""30531825"", ""30595370""]",True
pigmentation,BANP,3,2,2,"[""104178421"", ""93413291"", ""93413297""]","[""GCST90041837"", ""GCST90255681""]","[""34737426"", ""36672889""]",True
pigmentation,BCAS1,3,3,3,"[""30548268"", ""35792868"", ""36097491""]","[""GCST006075"", ""GCST006988"", ""GCST007082""]","[""29662168"", ""30531825"", ""30595370""]",True
pigmentation,BMP7,3,3,3,"[""24956213"", ""35792767"", ""36097496""]","[""GCST005094"", ""GCST006988"", ""GCST007082""]","[""29109912"", ""30531825"", ""30595370""]",True
pigmentation,BNC1,2,2,2,"[""35792686"", ""36097109""]","[""GCST006988"", ""GCST007082""]","[""30531825"", ""30595370""]",True
pigmentation,BNC2,19,15,11,"[""10095339"", ""103607501"", ""104181063"", ""15601"", ""30548196"", ""30827819"", ""30827851"", ""31658752"", ""35792328"", ""35792344"", ""35793218"", ""35793242"", ""36096342"", ""36096346"", ""36099285"", ""62410531"", ""62410575"", ""93018966"", ""93018993""]","[""GCST000708"", ""GCST002785"", ""GCST005897"", ""GCST006075"", ""GCST006091"", ""GCST006988"", ""GCST006989"", ""GCST007082"", ""GCST007086"", ""GCST90002283"", ""GCST90002284"", ""GCST90020054"", ""GCST90020056"", ""GCST90246327"", ""GCST90255690""]","[""20585627"", ""25705849"", ""29662168"", ""29739929"", ""29895819"", ""30531825"", ""30595370"", ""32835660"", ""34648798"", ""36536295"", ""36672889""]",True
pigmentation,BPIFA2,2,2,2,"[""30828080"", ""36097407""]","[""GCST005897"", ""GCST007082""]","[""29739929"", ""30595370""]",True
pigmentation,BRD10,3,3,3,"[""35792232"", ""36096322"", ""93413086""]","[""GCST006988"", ""GCST007082"", ""GCST90041836""]","[""30531825"", ""30595370"", ""34737426""]",True
pigmentation,BTC,2,2,2,"[""35792392"", ""36095807""]","[""GCST006988"", ""GCST007082""]","[""30531825"", ""30595370""]",True
pigmentation,C5orf67,5,4,3,"[""35792424"", ""35793227"", ""36095934"", ""36095939"", ""61986502""]","[""GCST006988"", ""GCST006989"", ""GCST007082"", ""GCST010302""]","[""30531825"", ""30595370"", ""32341527""]",True
pigmentation,CA5A,2,2,2,"[""36097162"", ""93413285""]","[""GCST007082"", ""GCST90041837""]","[""30595370"", ""34737426""]",True
pigmentation,CBFA2T3,22,7,4,"[""36097202"", ""36097207"", ""36099427"", ""62419556"", ""93413254"", ""93413399"", ""93413405"", ""93413411"", ""93413417"", ""93413423"", ""93413429"", ""93413435"", ""93413441"", ""93413446"", ""93413452"", ""93413458"", ""93414128"", ""93414134"", ""93414140"", ""93414145"", ""95175382"", ""95175387""]","[""GCST006986"", ""GCST007082"", ""GCST007086"", ""GCST90041836"", ""GCST90041837"", ""GCST90041839"", ""GCST90095478""]","[""30531825"", ""30595370"", ""34737426"", ""34737440""]",True
pigmentation,CCND2-AS1,3,3,2,"[""35792312"", ""35793196"", ""36096686""]","[""GCST006988"", ""GCST006989"", ""GCST007082""]","[""30531825"", ""30595370""]",True
pigmentation,CDC42BPA,2,2,2,"[""35792524"", ""36095509""]","[""GCST006988"", ""GCST007082""]","[""30531825"", ""30595370""]",True
pigmentation,CDK10,12,9,4,"[""104178454"", ""11645"", ""35792957"", ""35793360"", ""62419619"", ""93413656"", ""93413888"", ""93414179"", ""93414184"", ""93414190"", ""93414196"", ""93414345""]","[""GCST000191"", ""GCST006986"", ""GCST006988"", ""GCST006989"", ""GCST90041837"", ""GCST90041838"", ""GCST90041839"", ""GCST90041840"", ""GCST90255681""]","[""18483556"", ""30531825"", ""34737426"", ""36672889""]",True
pigmentation,CDK14,2,2,2,"[""35792252"", ""36096209""]","[""GCST006988"", ""GCST007082""]","[""30531825"", ""30595370""]",True
pigmentation,CDKAL1,2,2,2,"[""35792472"", ""36096061""]","[""GCST006988"", ""GCST007082""]","[""30531825"", ""30595370""]",True
pigmentation,CDKN2B-AS1,4,4,3,"[""36096350"", ""61986514"", ""62410559"", ""62410601""]","[""GCST007082"", ""GCST010302"", ""GCST90002283"", ""GCST90002284""]","[""30595370"", ""32341527"", ""32835660""]",True
pigmentation,CFAP299,2,2,2,"[""35792645"", ""36095826""]","[""GCST006988"", ""GCST007082""]","[""30531825"", ""30595370""]",True
pigmentation,CHL1,2,2,2,"[""35792544"", ""36095683""]","[""GCST006988"", ""GCST007082""]","[""30531825"", ""30595370""]",True
pigmentation,CHMP1A,12,9,6,"[""104178493"", ""104179677"", ""104179931"", ""30827860"", ""30827864"", ""36099445"", ""62419529"", ""62419595"", ""93413644"", ""93413650"", ""93414173"", ""95175408""]","[""GCST005897"", ""GCST006986"", ""GCST007086"", ""GCST90041837"", ""GCST90041839"", ""GCST90095478"", ""GCST90255681"", ""GCST90255687"", ""GCST90255688""]","[""29739929"", ""30531825"", ""30595370"", ""34737426"", ""34737440"", ""36672889""]",True
pigmentation,CIROZ,2,2,2,"[""35793031"", ""36095417""]","[""GCST006988"", ""GCST007082""]","[""30531825"", ""30595370""]",True
pigmentation,CLIC5,2,2,2,"[""35792496"", ""36096089""]","[""GCST006988"", ""GCST007082""]","[""30531825"", ""30595370""]",True
pigmentation,CNTN4,2,2,2,"[""104178511"", ""97365771""]","[""GCST90104591"", ""GCST90255681""]","[""35313536"", ""36672889""]",True
pigmentation,CPNE7,5,4,4,"[""104178415"", ""104178482"", ""12898"", ""30827843"", ""93413632""]","[""GCST000371"", ""GCST005897"", ""GCST90041837"", ""GCST90255681""]","[""19340012"", ""29739929"", ""34737426"", ""36672889""]",True
pigmentation,CPSF2,3,3,3,"[""35792783"", ""36096956"", ""93413976""]","[""GCST006988"", ""GCST007082"", ""GCST90041839""]","[""30531825"", ""30595370"", ""34737426""]",True
pigmentation,CREB5,2,2,2,"[""35792540"", ""36096189""]","[""GCST006988"", ""GCST007082""]","[""30531825"", ""30595370""]",True
pigmentation,CYCSP30,2,2,2,"[""36096769"", ""41452535""]","[""GCST007082"", ""GCST007739""]","[""30595370"", ""30895295""]",True
pigmentation,CYP1B1,2,2,2,"[""30827909"", ""36099127""]","[""GCST005897"", ""GCST007086""]","[""29739929"", ""30595370""]",True
pigmentation,DBNDD1,5,5,5,"[""12895"", ""30827900"", ""35792755"", ""93413785"", ""95175424""]","[""GCST000371"", ""GCST005897"", ""GCST006988"", ""GCST90041837"", ""GCST90095478""]","[""19340012"", ""29739929"", ""30531825"", ""34737426"", ""34737440""]",True
pigmentation,DCT,4,4,4,"[""30548234"", ""30827835"", ""35792856"", ""36096896""]","[""GCST005897"", ""GCST006075"", ""GCST006988"", ""GCST007082""]","[""29662168"", ""29739929"", ""30531825"", ""30595370""]",True
pigmentation,DDHD1-DT,2,2,2,"[""35792548"", ""36096914""]","[""GCST006988"", ""GCST007082""]","[""30531825"", ""30595370""]",True
pigmentation,DDIT4-AS1,2,2,2,"[""35792573"", ""36096446""]","[""GCST006988"", ""GCST007082""]","[""30531825"", ""30595370""]",True
pigmentation,DEF8,15,11,8,"[""103607394"", ""103607432"", ""104178499"", ""14882998"", ""14944553"", ""14944765"", ""30827888"", ""30828046"", ""35793394"", ""36097242"", ""62419480"", ""62419569"", ""62419629"", ""93413761"", ""95175323""]","[""GCST003020"", ""GCST003021"", ""GCST003022"", ""GCST005897"", ""GCST006986"", ""GCST006989"", ""GCST007082"", ""GCST90041837"", ""GCST90095476"", ""GCST90246327"", ""GCST90255681""]","[""26184321"", ""29739929"", ""30531825"", ""30595370"", ""34737426"", ""34737440"", ""36536295"", ""36672889""]",True
pigmentation,DISC1FP1,4,3,3,"[""30827974"", ""30827979"", ""36096667"", ""41452406""]","[""GCST005897"", ""GCST007082"", ""GCST007739""]","[""29739929"", ""30595370"", ""30895295""]",True
pigmentation,DLGAP4,2,2,2,"[""30828149"", ""36097446""]","[""GCST005897"", ""GCST007082""]","[""29739929"", ""30595370""]",True
pigmentation,DNAI3,2,2,2,"[""35793006"", ""36095455""]","[""GCST006988"", ""GCST007082""]","[""30531825"", ""30595370""]",True
pigmentation,DNAJB4,2,2,2,"[""36095451"", ""61986540""]","[""GCST007082"", ""GCST010302""]","[""30595370"", ""32341527""]",True
pigmentation,DOCK8-AS1,4,4,3,"[""35792364"", ""35793251"", ""36096317"", ""61986465""]","[""GCST006988"", ""GCST006989"", ""GCST007082"", ""GCST010302""]","[""30531825"", ""30595370"", ""32341527""]",True
pigmentation,DPEP1,13,7,4,"[""104178415"", ""104178488"", ""104178505"", ""104178539"", ""104178616"", ""104179756"", ""104180212"", ""104180233"", ""104180711"", ""12898"", ""36097227"", ""93413638"", ""93413644""]","[""GCST000371"", ""GCST007082"", ""GCST90041837"", ""GCST90255681"", ""GCST90255687"", ""GCST90255688"", ""GCST90255689""]","[""19340012"", ""30595370"", ""34737426"", ""36672889""]",True
pigmentation,DSTYK,6,6,5,"[""30548164"", ""35793056"", ""36095484"", ""37790185"", ""37790327"", ""61986457""]","[""GCST006075"", ""GCST006988"", ""GCST007082"", ""GCST007455"", ""GCST007457"", ""GCST010302""]","[""29662168"", ""30531825"", ""30595370"", ""30664655"", ""32341527""]",True
pigmentation,DUSP22,9,6,4,"[""104179725"", ""30827914"", ""35792678"", ""35792803"", ""35793278"", ""35793282"", ""36096007"", ""36096012"", ""36099199""]","[""GCST005897"", ""GCST006988"", ""GCST006989"", ""GCST007082"", ""GCST007086"", ""GCST90255687""]","[""29739929"", ""30531825"", ""30595370"", ""36672889""]",True
pigmentation,DUT,8,4,2,"[""223072141"", ""223072195"", ""223072303"", ""223072336"", ""223072348"", ""223072490"", ""223072547"", ""41452572""]","[""GCST007739"", ""GCST90854270"", ""GCST90854271"", ""GCST90854272""]","[""30895295"", ""42586059""]",True
pigmentation,EDN3,2,2,2,"[""35792452"", ""36097501""]","[""GCST006988"", ""GCST007082""]","[""30531825"", ""30595370""]",True
pigmentation,EDNRB-AS1,5,5,4,"[""30548229"", ""34045"", ""35792240"", ""35793201"", ""36096877""]","[""GCST001932"", ""GCST006075"", ""GCST006988"", ""GCST006989"", ""GCST007082""]","[""23548203"", ""29662168"", ""30531825"", ""30595370""]",True
pigmentation,EGR3-AS1,2,2,2,"[""35792650"", ""36096266""]","[""GCST006988"", ""GCST007082""]","[""30531825"", ""30595370""]",True
pigmentation,EIF6,2,2,2,"[""15600"", ""36099493""]","[""GCST000708"", ""GCST007086""]","[""20585627"", ""30595370""]",True
pigmentation,ENTREP2,2,2,2,"[""36097080"", ""47687422""]","[""GCST007082"", ""GCST008516""]","[""30595370"", ""31315583""]",True
pigmentation,EPHA4,12,4,3,"[""30548169"", ""35792276"", ""35792288"", ""35793048"", ""35793052"", ""35793265"", ""35793269"", ""36095632"", ""36095636"", ""36095641"", ""36095646"", ""36095651""]","[""GCST006075"", ""GCST006988"", ""GCST006989"", ""GCST007082""]","[""29662168"", ""30531825"", ""30595370""]",True
pigmentation,ERRFI1-DT,4,4,3,"[""30548159"", ""35793072"", ""35793260"", ""36095402""]","[""GCST006075"", ""GCST006988"", ""GCST006989"", ""GCST007082""]","[""29662168"", ""30531825"", ""30595370""]",True
pigmentation,ETV1,2,2,2,"[""35792617"", ""36096164""]","[""GCST006988"", ""GCST007082""]","[""30531825"", ""30595370""]",True
pigmentation,EXOC2,57,19,10,"[""104178775"", ""104178785"", ""104178847"", ""104178853"", ""104179448"", ""104179474"", ""12871"", ""14882490"", ""14882733"", ""14882870"", ""30827919"", ""30827924"", ""35792224"", ""35792228"", ""35792260"", ""35792368"", ""35792815"", ""35793170"", ""35793178"", ""35793192"", ""35793291"", ""35793296"", ""36096017"", ""36096022"", ""36096027"", ""36096032"", ""36099208"", ""36099213"", ""36099218"", ""5945"", ""6203"", ""6206"", ""93413039"", ""93413045"", ""93413051"", ""93413057"", ""93413063"", ""93413069"", ""93413075"", ""93413827"", ""93413833"", ""93413838"", ""93413921"", ""93413926"", ""93413932"", ""93413937"", ""93413943"", ""93413949"", ""93414276"", ""93414281"", ""93414286"", ""93414291"", ""93414296"", ""93414302"", ""93414308"", ""93414314"", ""95175258""]","[""GCST000119"", ""GCST000190"", ""GCST000191"", ""GCST000371"", ""GCST003021"", ""GCST003022"", ""GCST003023"", ""GCST005897"", ""GCST006988"", ""GCST006989"", ""GCST007082"", ""GCST007086"", ""GCST90041836"", ""GCST90041838"", ""GCST90041839"", ""GCST90041840"", ""GCST90095476"", ""GCST90255683"", ""GCST90255685""]","[""17952075"", ""18483556"", ""19340012"", ""26184321"", ""29739929"", ""30531825"", ""30595370"", ""34737426"", ""34737440"", ""36672889""]",True
pigmentation,EXOC7P1,2,2,2,"[""35792320"", ""36095860""]","[""GCST006988"", ""GCST007082""]","[""30531825"", ""30595370""]",True
pigmentation,EYS,2,2,2,"[""222644299"", ""24956288""]","[""GCST005093"", ""GCST90939791""]","[""29109912"", ""38728357""]",True
pigmentation,EZR,3,3,3,"[""30548186"", ""35792280"", ""36096154""]","[""GCST006075"", ""GCST006988"", ""GCST007082""]","[""29662168"", ""30531825"", ""30595370""]",True
pigmentation,FAM13A,2,2,2,"[""16544407"", ""36099176""]","[""GCST003478"", ""GCST007086""]","[""26926045"", ""30595370""]",True
pigmentation,FANCA,35,16,9,"[""104178439"", ""104178562"", ""104178580"", ""104179895"", ""104180455"", ""104180855"", ""14947131"", ""15575"", ""15576"", ""15599"", ""30827868"", ""30827872"", ""30827876"", ""30827880"", ""36097232"", ""36099450"", ""36099455"", ""41334496"", ""41334521"", ""41334536"", ""41334571"", ""62419490"", ""62419546"", ""62419573"", ""93413668"", ""93413674"", ""93413680"", ""93413686"", ""93413692"", ""93413698"", ""93414208"", ""93414214"", ""95175315"", ""95175412"", ""95175416""]","[""GCST000707"", ""GCST000708"", ""GCST002908"", ""GCST005897"", ""GCST006986"", ""GCST007082"", ""GCST007086"", ""GCST007486"", ""GCST90041837"", ""GCST90041839"", ""GCST90095476"", ""GCST90095478"", ""GCST90255681"", ""GCST90255688"", ""GCST90255689"", ""GCST90255690""]","[""20585627"", ""25963972"", ""29739929"", ""30166351"", ""30531825"", ""30595370"", ""34737426"", ""34737440"", ""36672889""]",True
pigmentation,FBN1,9,4,2,"[""223072141"", ""223072195"", ""223072303"", ""223072336"", ""223072348"", ""223072490"", ""223072547"", ""41452539"", ""41452572""]","[""GCST007739"", ""GCST90854270"", ""GCST90854271"", ""GCST90854272""]","[""30895295"", ""42586059""]",True
pigmentation,FGF5,2,2,2,"[""35792694"", ""36095821""]","[""GCST006988"", ""GCST007082""]","[""30531825"", ""30595370""]",True
pigmentation,FMN2,2,2,2,"[""35792532"", ""36095524""]","[""GCST006988"", ""GCST007082""]","[""30531825"", ""30595370""]",True
pigmentation,FOSL2-AS1,3,2,2,"[""35792536"", ""35793035"", ""36095553""]","[""GCST006988"", ""GCST007082""]","[""30531825"", ""30595370""]",True
pigmentation,FRAS1,2,2,2,"[""35792372"", ""36095817""]","[""GCST006988"", ""GCST007082""]","[""30531825"", ""30595370""]",True
pigmentation,FREM2,2,2,2,"[""35792376"", ""36096862""]","[""GCST006988"", ""GCST007082""]","[""30531825"", ""30595370""]",True
pigmentation,FTO,3,3,3,"[""36097142"", ""61986614"", ""62419524""]","[""GCST006986"", ""GCST007082"", ""GCST010302""]","[""30531825"", ""30595370"", ""32341527""]",True
pigmentation,FZD1,3,2,2,"[""35792252"", ""36096209"", ""36096214""]","[""GCST006988"", ""GCST007082""]","[""30531825"", ""30595370""]",True
pigmentation,FZD7,2,2,2,"[""35792488"", ""36095618""]","[""GCST006988"", ""GCST007082""]","[""30531825"", ""30595370""]",True
pigmentation,GAB2,4,4,3,"[""30548216"", ""35792304"", ""35793214"", ""36096608""]","[""GCST006075"", ""GCST006988"", ""GCST006989"", ""GCST007082""]","[""29662168"", ""30531825"", ""30595370""]",True
pigmentation,GABRG3,16,6,4,"[""35792916"", ""36097010"", ""36097015"", ""36097020"", ""36097025"", ""47687442"", ""93413155"", ""93413161"", ""93413167"", ""93413844"", ""93413998"", ""93414004"", ""93414010"", ""93414015"", ""93414020"", ""93414026""]","[""GCST006988"", ""GCST007082"", ""GCST008516"", ""GCST90041836"", ""GCST90041838"", ""GCST90041839""]","[""30531825"", ""30595370"", ""31315583"", ""34737426""]",True
pigmentation,GALNS,5,3,2,"[""36097197"", ""36099422"", ""93413375"", ""93413381"", ""93413387""]","[""GCST007082"", ""GCST007086"", ""GCST90041837""]","[""30595370"", ""34737426""]",True
pigmentation,GAPDHP70,3,2,2,"[""30827939"", ""36099330"", ""36099335""]","[""GCST005897"", ""GCST007086""]","[""29739929"", ""30595370""]",True
pigmentation,GIPC2,3,3,3,"[""104178604"", ""36095451"", ""61986540""]","[""GCST007082"", ""GCST010302"", ""GCST90255681""]","[""30595370"", ""32341527"", ""36672889""]",True
pigmentation,GMDS,2,2,2,"[""36096047"", ""41451959""]","[""GCST007082"", ""GCST007742""]","[""30595370"", ""30895295""]",True
pigmentation,GOLGA6L7,3,2,2,"[""104179058"", ""104179398"", ""47687417""]","[""GCST008516"", ""GCST90255684""]","[""31315583"", ""36672889""]",True
pigmentation,GRM5,22,14,8,"[""104180042"", ""104180566"", ""104180957"", ""12879"", ""16544552"", ""30827944"", ""30827949"", ""30827954"", ""30827959"", ""35792864"", ""36096628"", ""36096633"", ""36096638"", ""36096643"", ""36099339"", ""36099344"", ""36099349"", ""37790078"", ""37790274"", ""37790427"", ""47462271"", ""47687407""]","[""GCST000371"", ""GCST003479"", ""GCST005897"", ""GCST006988"", ""GCST007082"", ""GCST007086"", ""GCST007451"", ""GCST007452"", ""GCST007454"", ""GCST008516"", ""GCST008519"", ""GCST90255688"", ""GCST90255689"", ""GCST90255690""]","[""19340012"", ""26926045"", ""29739929"", ""30531825"", ""30595370"", ""30664655"", ""31315583"", ""36672889""]",True
pigmentation,GRM5-AS1,2,2,2,"[""30827939"", ""36099335""]","[""GCST005897"", ""GCST007086""]","[""29739929"", ""30595370""]",True
pigmentation,HDAC4,2,2,2,"[""35792662"", ""36095679""]","[""GCST006988"", ""GCST007082""]","[""30531825"", ""30595370""]",True
pigmentation,HDAC9,2,2,2,"[""36096174"", ""41451416""]","[""GCST007082"", ""GCST007741""]","[""30595370"", ""30895295""]",True
pigmentation,HERC2,208,58,25,"[""104178641"", ""104178647"", ""104178653"", ""104178658"", ""104178687"", ""104178693"", ""104178722"", ""104178734"", ""104178758"", ""104178790"", ""104178864"", ""104178917"", ""104178923"", ""104178928"", ""104178934"", ""104178940"", ""104178945"", ""104178951"", ""104178957"", ""104178963"", ""104178969"", ""104178980"", ""104178985"", ""104178990"", ""104178995"", ""104179007"", ""104179029"", ""104179040"", ""104179046"", ""104179052"", ""104179064"", ""104179070"", ""104179076"", ""104179082"", ""104179088"", ""104179105"", ""104179117"", ""104179135"", ""104179153"", ""104179159"", ""104179171"", ""104179176"", ""104179194"", ""104179200"", ""104179224"", ""104179230"", ""104179236"", ""104179274"", ""104179280"", ""104179292"", ""104179298"", ""104179310"", ""104179322"", ""104179380"", ""104179392"", ""104179403"", ""104179419"", ""104179425"", ""104179519"", ""104179671"", ""104179844"", ""104179849"", ""104179859"", ""104179864"", ""104179869"", ""104179890"", ""104179900"", ""104179905"", ""104179926"", ""104179941"", ""104179963"", ""104179979"", ""104179984"", ""104180057"", ""104180083"", ""104180115"", ""104180181"", ""104180186"", ""104180196"", ""104180244"", ""104180260"", ""104180319"", ""104180324"", ""104180368"", ""104180415"", ""104180420"", ""104180430"", ""104180435"", ""104180440"", ""104180450"", ""104180461"", ""104180466"", ""104180481"", ""104180491"", ""104180506"", ""104180511"", ""104180581"", ""104180611"", ""104180631"", ""104180671"", ""104180676"", ""104180686"", ""104180721"", ""104180766"", ""104180786"", ""104180850"", ""104180880"", ""104180972"", ""104180988"", ""104181114"", ""11221"", ""11222"", ""11760"", ""11765"", ""11767"", ""14882494"", ""14882737"", ""14882874"", ""14947130"", ""15409"", ""15572"", ""15590"", ""15595"", ""16544565"", ""222644359"", ""25422"", ""30548248"", ""30827839"", ""30828004"", ""34051"", ""34055"", ""34060"", ""34069"", ""35792216"", ""35792884"", ""35792904"", ""35793174"", ""36097050"", ""36097055"", ""36099388"", ""36099393"", ""37790098"", ""37790102"", ""37790206"", ""37790210"", ""37790245"", ""37790249"", ""37790286"", ""37790315"", ""37790319"", ""37790344"", ""37790443"", ""37790447"", ""41334157"", ""41334172"", ""41334197"", ""41334377"", ""41334387"", ""41334402"", ""41334407"", ""41334422"", ""41334427"", ""41334451"", ""41334471"", ""41334476"", ""41334501"", ""41334506"", ""41334541"", ""41334546"", ""41334576"", ""41334581"", ""41451498"", ""41451766"", ""41451770"", ""41451879"", ""47687432"", ""47688461"", ""5903"", ""61986419"", ""62419494"", ""93413213"", ""93413219"", ""93413225"", ""93413231"", ""93413237"", ""93413866"", ""93413872"", ""93413877"", ""93413883"", ""93414066"", ""93414071"", ""93414077"", ""93414082"", ""93414087"", ""93414093"", ""93414099"", ""93414319"", ""93414324"", ""93414330"", ""93414335"", ""93453771"", ""95175295"", ""95175299"", ""95175303"", ""95175352"", ""95175357"", ""95175361"", ""95284497""]","[""GCST000117"", ""GCST000118"", ""GCST000120"", ""GCST000146"", ""GCST000190"", ""GCST000191"", ""GCST000685"", ""GCST000707"", ""GCST000710"", ""GCST001723"", ""GCST001929"", ""GCST001932"", ""GCST001939"", ""GCST002908"", ""GCST003021"", ""GCST003022"", ""GCST003023"", ""GCST003479"", ""GCST005897"", ""GCST006075"", ""GCST006986"", ""GCST006988"", ""GCST006989"", ""GCST007082"", ""GCST007086"", ""GCST007451"", ""GCST007452"", ""GCST007453"", ""GCST007454"", ""GCST007455"", ""GCST007456"", ""GCST007457"", ""GCST007486"", ""GCST007488"", ""GCST007489"", ""GCST007741"", ""GCST007742"", ""GCST007743"", ""GCST008516"", ""GCST008519"", ""GCST010302"", ""GCST012219"", ""GCST90026490"", ""GCST90041836"", ""GCST90041838"", ""GCST90041839"", ""GCST90041840"", ""GCST90095476"", ""GCST90095477"", ""GCST90255682"", ""GCST90255683"", ""GCST90255684"", ""GCST90255686"", ""GCST90255687"", ""GCST90255688"", ""GCST90255689"", ""GCST90255690"", ""GCST90939791""]","[""17952075"", ""18252221"", ""18483556"", ""20463881"", ""20585627"", ""23118974"", ""23548203"", ""25963972"", ""26184321"", ""26926045"", ""29662168"", ""29739929"", ""30166351"", ""30531825"", ""30595370"", ""30664655"", ""30895295"", ""31315583"", ""32341527"", ""33692100"", ""34265127"", ""34737426"", ""34737440"", ""36672889"", ""38728357""]",True
pigmentation,HSPA8P5,3,3,2,"[""35792312"", ""35793196"", ""36096686""]","[""GCST006988"", ""GCST006989"", ""GCST007082""]","[""30531825"", ""30595370""]",True
pigmentation,IL16,3,3,2,"[""35792843"", ""35793356"", ""36097104""]","[""GCST006988"", ""GCST006989"", ""GCST007082""]","[""30531825"", ""30595370""]",True
pigmentation,INHBA,2,2,2,"[""36096194"", ""41451181""]","[""GCST007082"", ""GCST007740""]","[""30595370"", ""30895295""]",True
pigmentation,IRF4,83,44,19,"[""10095334"", ""103607491"", ""104178775"", ""104178780"", ""104178785"", ""104179012"", ""104179443"", ""104179448"", ""104179474"", ""104179514"", ""104179666"", ""104179725"", ""104180875"", ""12871"", ""14882490"", ""14882733"", ""14882870"", ""15573"", ""15592"", ""15598"", ""15620"", ""16544498"", ""16544538"", ""30548181"", ""30827807"", ""34053"", ""34057"", ""34064"", ""35792224"", ""35792228"", ""35792260"", ""35792368"", ""35792678"", ""35792727"", ""35792803"", ""35793170"", ""35793178"", ""35793192"", ""35793206"", ""35793278"", ""35793282"", ""35793286"", ""35793291"", ""36096012"", ""36099203"", ""37790070"", ""37790233"", ""37790270"", ""37790299"", ""37790419"", ""41334162"", ""41334177"", ""41334202"", ""41334259"", ""41334264"", ""41334279"", ""41334392"", ""41334412"", ""41334432"", ""41334456"", ""41334486"", ""41334551"", ""41334586"", ""5945"", ""6177"", ""6204"", ""93413033"", ""93413039"", ""93413045"", ""93413051"", ""93413827"", ""93413833"", ""93413915"", ""93413921"", ""93413926"", ""93413932"", ""93414276"", ""93414281"", ""93414286"", ""93414291"", ""95175254"", ""95175343"", ""95284469""]","[""GCST000119"", ""GCST000190"", ""GCST000191"", ""GCST000371"", ""GCST000707"", ""GCST000708"", ""GCST000710"", ""GCST001932"", ""GCST001933"", ""GCST001939"", ""GCST002785"", ""GCST003021"", ""GCST003022"", ""GCST003023"", ""GCST003478"", ""GCST003479"", ""GCST005897"", ""GCST006075"", ""GCST006988"", ""GCST006989"", ""GCST007082"", ""GCST007086"", ""GCST007451"", ""GCST007452"", ""GCST007453"", ""GCST007454"", ""GCST007455"", ""GCST007486"", ""GCST007488"", ""GCST007489"", ""GCST012219"", ""GCST90041836"", ""GCST90041838"", ""GCST90041839"", ""GCST90041840"", ""GCST90095476"", ""GCST90095477"", ""GCST90246327"", ""GCST90255683"", ""GCST90255684"", ""GCST90255685"", ""GCST90255686"", ""GCST90255687"", ""GCST90255690""]","[""17952075"", ""18483556"", ""19340012"", ""20585627"", ""23548203"", ""25705849"", ""26184321"", ""26926045"", ""29662168"", ""29739929"", ""30166351"", ""30531825"", ""30595370"", ""30664655"", ""33692100"", ""34737426"", ""34737440"", ""36536295"", ""36672889""]",True
pigmentation,JAZF1,4,4,3,"[""35792690"", ""36096184"", ""36099266"", ""95284525""]","[""GCST006988"", ""GCST007082"", ""GCST007086"", ""GCST012219""]","[""30531825"", ""30595370"", ""33692100""]",True
pigmentation,KCNH1,2,2,2,"[""35792484"", ""36095494""]","[""GCST006988"", ""GCST007082""]","[""30531825"", ""30595370""]",True
pigmentation,KIAA0930,5,5,4,"[""30828179"", ""35792528"", ""36097550"", ""36099497"", ""61986549""]","[""GCST005897"", ""GCST006988"", ""GCST007082"", ""GCST007086"", ""GCST010302""]","[""29739929"", ""30531825"", ""30595370"", ""32341527""]",True
pigmentation,KITLG,3,2,2,"[""35792296"", ""35792787"", ""36096789""]","[""GCST006988"", ""GCST007082""]","[""30531825"", ""30595370""]",True
pigmentation,KRT31,2,2,2,"[""35793183"", ""36097260""]","[""GCST006989"", ""GCST007082""]","[""30531825"", ""30595370""]",True
pigmentation,KRT86,2,2,2,"[""35792908"", ""93413119""]","[""GCST006988"", ""GCST90041836""]","[""30531825"", ""34737426""]",True
pigmentation,KRT87P,2,2,2,"[""35792908"", ""93413119""]","[""GCST006988"", ""GCST90041836""]","[""30531825"", ""34737426""]",True
pigmentation,LEF1,4,3,3,"[""35792236"", ""35792412"", ""36095851"", ""93413022""]","[""GCST006988"", ""GCST007082"", ""GCST90041836""]","[""30531825"", ""30595370"", ""34737426""]",True
pigmentation,LGR4,2,2,2,"[""35792791"", ""36096508""]","[""GCST006988"", ""GCST007082""]","[""30531825"", ""30595370""]",True
pigmentation,LHX2,8,3,3,"[""30548201"", ""35792272"", ""35792356"", ""35792719"", ""35792819"", ""35792860"", ""36096408"", ""36096412""]","[""GCST006075"", ""GCST006988"", ""GCST007082""]","[""29662168"", ""30531825"", ""30595370""]",True
pigmentation,LINC-PINT,4,4,3,"[""35792420"", ""35793232"", ""36096241"", ""61986461""]","[""GCST006988"", ""GCST006989"", ""GCST007082"", ""GCST010302""]","[""30531825"", ""30595370"", ""32341527""]",True
pigmentation,LINC00158,2,2,2,"[""35792396"", ""36097506""]","[""GCST006988"", ""GCST007082""]","[""30531825"", ""30595370""]",True
pigmentation,LINC01117,2,2,2,"[""35792440"", ""36095609""]","[""GCST006988"", ""GCST007082""]","[""30531825"", ""30595370""]",True
pigmentation,LINC01381,2,2,2,"[""36095539"", ""62419503""]","[""GCST006986"", ""GCST007082""]","[""30531825"", ""30595370""]",True
pigmentation,LINC01411,3,3,2,"[""35792508"", ""36095993"", ""62419520""]","[""GCST006986"", ""GCST006988"", ""GCST007082""]","[""30531825"", ""30595370""]",True
pigmentation,LINC01449,2,2,2,"[""36096194"", ""41451181""]","[""GCST007082"", ""GCST007740""]","[""30595370"", ""30895295""]",True
pigmentation,LINC01491,26,6,4,"[""223072150"", ""223072155"", ""223072165"", ""223072170"", ""223072180"", ""223072200"", ""223072215"", ""223072230"", ""223072311"", ""223072316"", ""223072324"", ""223072332"", ""223072344"", ""223072360"", ""223072368"", ""223072394"", ""223072502"", ""223072506"", ""223072514"", ""223072523"", ""223072560"", ""223072655"", ""223072659"", ""41452493"", ""61986583"", ""77845307""]","[""GCST007739"", ""GCST010302"", ""GCST011355"", ""GCST90854270"", ""GCST90854271"", ""GCST90854272""]","[""30895295"", ""32341527"", ""33600456"", ""42586059""]",True
pigmentation,LINC01505,3,3,3,"[""35792654"", ""36096388"", ""61986493""]","[""GCST006988"", ""GCST007082"", ""GCST010302""]","[""30531825"", ""30595370"", ""32341527""]",True
pigmentation,LINC01622,10,4,2,"[""36096027"", ""36096032"", ""36096037"", ""36096042"", ""36099218"", ""36099223"", ""93413069"", ""93413075"", ""93414308"", ""93414314""]","[""GCST007082"", ""GCST007086"", ""GCST90041836"", ""GCST90041840""]","[""30595370"", ""34737426""]",True
pigmentation,LINC01679,6,4,3,"[""35792637"", ""35792831"", ""36097515"", ""62419507"", ""95284509"", ""95284557""]","[""GCST006986"", ""GCST006988"", ""GCST007082"", ""GCST012219""]","[""30531825"", ""30595370"", ""33692100""]",True
pigmentation,LINC01877,4,4,2,"[""223072423"", ""223072568"", ""62410552"", ""62410595""]","[""GCST90002283"", ""GCST90002284"", ""GCST90854271"", ""GCST90854272""]","[""32835660"", ""42586059""]",True
pigmentation,LINC01937,2,2,2,"[""35792629"", ""36095675""]","[""GCST006988"", ""GCST007082""]","[""30531825"", ""30595370""]",True
pigmentation,LINC01940,2,2,2,"[""35792662"", ""36095679""]","[""GCST006988"", ""GCST007082""]","[""30531825"", ""30595370""]",True
pigmentation,LINC01953,3,3,3,"[""36095623"", ""61986563"", ""97365759""]","[""GCST007082"", ""GCST010302"", ""GCST90104591""]","[""30595370"", ""32341527"", ""35313536""]",True
pigmentation,LINC01956,2,2,2,"[""35792448"", ""36095592""]","[""GCST006988"", ""GCST007082""]","[""30531825"", ""30595370""]",True
pigmentation,LINC02101,2,2,2,"[""35792492"", ""36095948""]","[""GCST006988"", ""GCST007082""]","[""30531825"", ""30595370""]",True
pigmentation,LINC02105,5,3,2,"[""35792316"", ""35792324"", ""35792702"", ""35793223"", ""36095919""]","[""GCST006988"", ""GCST006989"", ""GCST007082""]","[""30531825"", ""30595370""]",True
pigmentation,LINC02120,3,3,2,"[""104178628"", ""223072377"", ""223072543""]","[""GCST90255681"", ""GCST90854271"", ""GCST90854272""]","[""36672889"", ""42586059""]",True
pigmentation,LINC02138,2,2,2,"[""30828014"", ""95175391""]","[""GCST005897"", ""GCST90095478""]","[""29739929"", ""34737440""]",True
pigmentation,LINC02182,5,4,3,"[""36097167"", ""36097172"", ""41451267"", ""93413303"", ""93414116""]","[""GCST007082"", ""GCST007740"", ""GCST90041837"", ""GCST90041839""]","[""30595370"", ""30895295"", ""34737426""]",True
pigmentation,LINC02225,5,4,2,"[""223072205"", ""223072328"", ""223072498"", ""36095944"", ""36095948""]","[""GCST007082"", ""GCST90854270"", ""GCST90854271"", ""GCST90854272""]","[""30595370"", ""42586059""]",True
pigmentation,LINC02235,2,2,2,"[""35793306"", ""36096289""]","[""GCST006989"", ""GCST007082""]","[""30531825"", ""30595370""]",True
pigmentation,LINC02458,17,13,9,"[""14882492"", ""14882735"", ""14882872"", ""30548224"", ""30827984"", ""34058"", ""35792264"", ""35792924"", ""35793328"", ""36096794"", ""36096799"", ""36096804"", ""36096809"", ""5942"", ""93018960"", ""93018988"", ""95175266""]","[""GCST000118"", ""GCST001932"", ""GCST003021"", ""GCST003022"", ""GCST003023"", ""GCST005897"", ""GCST006075"", ""GCST006988"", ""GCST006989"", ""GCST007082"", ""GCST90020054"", ""GCST90020056"", ""GCST90095476""]","[""17952075"", ""23548203"", ""26184321"", ""29662168"", ""29739929"", ""30531825"", ""30595370"", ""34648798"", ""34737440""]",True
pigmentation,LINC02674,10,8,6,"[""103607506"", ""30827823"", ""31658758"", ""31658769"", ""31658775"", ""36099300"", ""37790074"", ""37790423"", ""62410541"", ""62410585""]","[""GCST005897"", ""GCST006091"", ""GCST007086"", ""GCST007451"", ""GCST007452"", ""GCST90002283"", ""GCST90002284"", ""GCST90246327""]","[""29739929"", ""29895819"", ""30595370"", ""30664655"", ""32835660"", ""36536295""]",True
pigmentation,LINC02728,2,2,2,"[""30548216"", ""36096608""]","[""GCST006075"", ""GCST007082""]","[""29662168"", ""30595370""]",True
pigmentation,LINC02751,4,3,3,"[""35792360"", ""36096473"", ""36096478"", ""95284537""]","[""GCST006988"", ""GCST007082"", ""GCST012219""]","[""30531825"", ""30595370"", ""33692100""]",True
pigmentation,LINC02756,2,2,2,"[""36096672"", ""61986573""]","[""GCST007082"", ""GCST010302""]","[""30595370"", ""32341527""]",True
pigmentation,LINC02917,2,2,2,"[""35792564"", ""36095768""]","[""GCST006988"", ""GCST007082""]","[""30531825"", ""30595370""]",True
pigmentation,LINC02932,3,2,2,"[""35792556"", ""36096214"", ""36096219""]","[""GCST006988"", ""GCST007082""]","[""30531825"", ""30595370""]",True
pigmentation,LINC03066,3,3,2,"[""30827914"", ""36096007"", ""36099199""]","[""GCST005897"", ""GCST007082"", ""GCST007086""]","[""29739929"", ""30595370""]",True
pigmentation,LNCBRM,4,4,2,"[""223072205"", ""223072328"", ""223072498"", ""36095944""]","[""GCST007082"", ""GCST90854270"", ""GCST90854271"", ""GCST90854272""]","[""30595370"", ""42586059""]",True
pigmentation,LURAP1L-AS1,22,17,12,"[""104178900"", ""104178906"", ""104178912"", ""104179242"", ""104179345"", ""104180073"", ""104180596"", ""21544"", ""30548191"", ""30827815"", ""34067"", ""35792268"", ""36096332"", ""36099281"", ""37790194"", ""37790237"", ""37790303"", ""41334187"", ""41334217"", ""6174"", ""61986447"", ""95284477""]","[""GCST000192"", ""GCST001507"", ""GCST001929"", ""GCST005897"", ""GCST006075"", ""GCST006988"", ""GCST007082"", ""GCST007086"", ""GCST007453"", ""GCST007455"", ""GCST007457"", ""GCST007489"", ""GCST010302"", ""GCST012219"", ""GCST90255684"", ""GCST90255688"", ""GCST90255689""]","[""18488028"", ""22556244"", ""23548203"", ""29662168"", ""29739929"", ""30166351"", ""30531825"", ""30595370"", ""30664655"", ""32341527"", ""33692100"", ""36672889""]",True
pigmentation,LYZL1,3,3,2,"[""36096431"", ""41451222"", ""41451470""]","[""GCST007082"", ""GCST007740"", ""GCST007741""]","[""30595370"", ""30895295""]",True
pigmentation,MAP3K1,4,4,3,"[""35792424"", ""35793227"", ""36095939"", ""61986502""]","[""GCST006988"", ""GCST006989"", ""GCST007082"", ""GCST010302""]","[""30531825"", ""30595370"", ""32341527""]",True
pigmentation,MARK3,3,3,3,"[""35792504"", ""36096995"", ""61986526""]","[""GCST006988"", ""GCST007082"", ""GCST010302""]","[""30531825"", ""30595370"", ""32341527""]",True
pigmentation,MC1R,69,28,12,"[""103607399"", ""103607427"", ""103607437"", ""103607448"", ""103607453"", ""104178433"", ""104178444"", ""104178449"", ""104179458"", ""104179692"", ""104179697"", ""104180005"", ""104180010"", ""104180015"", ""104180531"", ""104180536"", ""104180541"", ""104180931"", ""104180936"", ""11755"", ""11759"", ""11763"", ""11788"", ""30548252"", ""34056"", ""34061"", ""34066"", ""35792852"", ""35792888"", ""35792937"", ""35792941"", ""35792949"", ""35792953"", ""35792961"", ""35792965"", ""35793373"", ""35793377"", ""35793381"", ""35793385"", ""35793389"", ""36099459"", ""37790110"", ""41334269"", ""41334511"", ""41334526"", ""41334556"", ""41334597"", ""62410546"", ""62410590"", ""62419475"", ""62419560"", ""62419577"", ""62419586"", ""62419590"", ""62419599"", ""62419603"", ""62419607"", ""62419611"", ""62419624"", ""62419633"", ""62419638"", ""93413722"", ""93413728"", ""93413733"", ""93413738"", ""93413743"", ""93414230"", ""95175319"", ""95175420""]","[""GCST000115"", ""GCST000116"", ""GCST000118"", ""GCST000119"", ""GCST001932"", ""GCST001933"", ""GCST001939"", ""GCST006075"", ""GCST006986"", ""GCST006988"", ""GCST006989"", ""GCST007086"", ""GCST007452"", ""GCST007486"", ""GCST007488"", ""GCST90002283"", ""GCST90002284"", ""GCST90041837"", ""GCST90041839"", ""GCST90095476"", ""GCST90095478"", ""GCST90246327"", ""GCST90255681"", ""GCST90255685"", ""GCST90255687"", ""GCST90255688"", ""GCST90255689"", ""GCST90255690""]","[""17952075"", ""23548203"", ""29662168"", ""30166351"", ""30531825"", ""30595370"", ""30664655"", ""32835660"", ""34737426"", ""34737440"", ""36536295"", ""36672889""]",True
pigmentation,MED13L,2,2,2,"[""35792707"", ""61986520""]","[""GCST006988"", ""GCST010302""]","[""30531825"", ""32341527""]",True
pigmentation,MFSD12,7,6,4,"[""223072245"", ""37790114"", ""47687437"", ""47688409"", ""47688613"", ""62410565"", ""62410607""]","[""GCST007452"", ""GCST008516"", ""GCST008519"", ""GCST90002283"", ""GCST90002284"", ""GCST90854270""]","[""30664655"", ""31315583"", ""32835660"", ""42586059""]",True
pigmentation,MFSD12-AS1,4,4,3,"[""223072245"", ""37790114"", ""62410565"", ""62410607""]","[""GCST007452"", ""GCST90002283"", ""GCST90002284"", ""GCST90854270""]","[""30664655"", ""32835660"", ""42586059""]",True
pigmentation,MIR155HG,2,2,2,"[""35792396"", ""36097506""]","[""GCST006988"", ""GCST007082""]","[""30531825"", ""30595370""]",True
pigmentation,MIR4268,11,4,3,"[""30548169"", ""35792276"", ""35792288"", ""35793048"", ""35793052"", ""35793265"", ""35793269"", ""36095632"", ""36095636"", ""36095641"", ""36095646""]","[""GCST006075"", ""GCST006988"", ""GCST006989"", ""GCST007082""]","[""29662168"", ""30531825"", ""30595370""]",True
pigmentation,MIR663AHG,2,2,2,"[""36099479"", ""61986627""]","[""GCST007086"", ""GCST010302""]","[""30595370"", ""32341527""]",True
pigmentation,MITF,2,2,2,"[""35792621"", ""36095713""]","[""GCST006988"", ""GCST007082""]","[""30531825"", ""30595370""]",True
pigmentation,MLANA,2,2,2,"[""36096322"", ""93413086""]","[""GCST007082"", ""GCST90041836""]","[""30595370"", ""34737426""]",True
pigmentation,MRAS,2,2,2,"[""35792552"", ""36095744""]","[""GCST006988"", ""GCST007082""]","[""30531825"", ""30595370""]",True
pigmentation,MRPL45P1,2,2,2,"[""35793040"", ""36095582""]","[""GCST006988"", ""GCST007082""]","[""30531825"", ""30595370""]",True
pigmentation,MSI2,3,3,3,"[""31658779"", ""35792674"", ""36097296""]","[""GCST006091"", ""GCST006988"", ""GCST007082""]","[""29895819"", ""30531825"", ""30595370""]",True
pigmentation,MSX2,2,2,2,"[""35792771"", ""36095997""]","[""GCST006988"", ""GCST007082""]","[""30531825"", ""30595370""]",True
pigmentation,MTCO1P57,3,3,2,"[""24956298"", ""41451441"", ""41451976""]","[""GCST005093"", ""GCST007741"", ""GCST007742""]","[""29109912"", ""30895295""]",True
pigmentation,MTCO3P41,3,3,2,"[""24956298"", ""41451441"", ""41451976""]","[""GCST005093"", ""GCST007741"", ""GCST007742""]","[""29109912"", ""30895295""]",True
pigmentation,MTERF1,2,2,2,"[""35792556"", ""36096219""]","[""GCST006988"", ""GCST007082""]","[""30531825"", ""30595370""]",True
pigmentation,MYADML2,2,2,2,"[""35792428"", ""36097329""]","[""GCST006988"", ""GCST007082""]","[""30531825"", ""30595370""]",True
pigmentation,MYEF2,2,2,2,"[""27275220"", ""36097084""]","[""GCST005188"", ""GCST007082""]","[""29195075"", ""30595370""]",True
pigmentation,MYH7B,2,2,2,"[""30828112"", ""36097432""]","[""GCST005897"", ""GCST007082""]","[""29739929"", ""30595370""]",True
pigmentation,MYO1B-AS1,2,2,2,"[""35792516"", ""36095613""]","[""GCST006988"", ""GCST007082""]","[""30531825"", ""30595370""]",True
pigmentation,Metazoa_SRP,4,3,3,"[""36095489"", ""36097349"", ""41451460"", ""61986568""]","[""GCST007082"", ""GCST007741"", ""GCST010302""]","[""30595370"", ""30895295"", ""32341527""]",True
pigmentation,NCOA6,2,2,2,"[""104180270"", ""30828102""]","[""GCST005897"", ""GCST90255688""]","[""29739929"", ""36672889""]",True
pigmentation,NEK6,7,3,3,"[""30548201"", ""35792272"", ""35792356"", ""35792719"", ""35792860"", ""36096408"", ""36096412""]","[""GCST006075"", ""GCST006988"", ""GCST007082""]","[""29662168"", ""30531825"", ""30595370""]",True
pigmentation,NFIA,2,2,2,"[""35792340"", ""36095447""]","[""GCST006988"", ""GCST007082""]","[""30531825"", ""30595370""]",True
pigmentation,NIPAL3,2,2,2,"[""36095432"", ""61986544""]","[""GCST007082"", ""GCST010302""]","[""30595370"", ""32341527""]",True
pigmentation,NOX4,6,6,3,"[""104180170"", ""104180661"", ""104181048"", ""30827964"", ""36096652"", ""36099358""]","[""GCST005897"", ""GCST007082"", ""GCST007086"", ""GCST90255688"", ""GCST90255689"", ""GCST90255690""]","[""29739929"", ""30595370"", ""36672889""]",True
pigmentation,NPLOC4,8,7,6,"[""15336"", ""222644377"", ""35793402"", ""36097324"", ""41334466"", ""41334566"", ""62419516"", ""95284505""]","[""GCST000685"", ""GCST006986"", ""GCST006989"", ""GCST007082"", ""GCST007486"", ""GCST012219"", ""GCST90939791""]","[""20463881"", ""30166351"", ""30531825"", ""30595370"", ""33692100"", ""38728357""]",True
pigmentation,NYAP2,2,2,2,"[""36095666"", ""41451645""]","[""GCST007082"", ""GCST007743""]","[""30595370"", ""30895295""]",True
pigmentation,OBI1-AS1,4,2,2,"[""36096882"", ""36096887"", ""36096892"", ""95175271""]","[""GCST007082"", ""GCST90095476""]","[""30595370"", ""34737440""]",True
pigmentation,OCA2,189,49,21,"[""103607522"", ""104178664"", ""104178670"", ""104178699"", ""104178704"", ""104178710"", ""104178716"", ""104178722"", ""104178728"", ""104178859"", ""104178934"", ""104178969"", ""104178975"", ""104179001"", ""104179017"", ""104179035"", ""104179088"", ""104179099"", ""104179111"", ""104179123"", ""104179129"", ""104179141"", ""104179147"", ""104179165"", ""104179182"", ""104179188"", ""104179212"", ""104179248"", ""104179254"", ""104179259"", ""104179264"", ""104179269"", ""104179304"", ""104179310"", ""104179316"", ""104179322"", ""104179327"", ""104179339"", ""104179351"", ""104179356"", ""104179362"", ""104179368"", ""104179374"", ""104179386"", ""104179409"", ""104179414"", ""104179431"", ""104179545"", ""104179951"", ""104179984"", ""104180000"", ""104180026"", ""104180031"", ""104180094"", ""104180110"", ""104180147"", ""104180207"", ""104180217"", ""104180222"", ""104180227"", ""104180255"", ""104180260"", ""104180265"", ""104180287"", ""104180298"", ""104180309"", ""104180335"", ""104180363"", ""104180373"", ""104180511"", ""104180526"", ""104180551"", ""104180556"", ""104180616"", ""104180626"", ""104180651"", ""104180691"", ""104180696"", ""104180701"", ""104180706"", ""104180721"", ""104180726"", ""104180741"", ""104180746"", ""104180756"", ""104180771"", ""104180791"", ""104180926"", ""104180998"", ""104181008"", ""104181068"", ""104181094"", ""11641"", ""11644"", ""14882495"", ""14882738"", ""14882875"", ""14882997"", ""191173944"", ""191173956"", ""191173982"", ""191173994"", ""223072240"", ""223072356"", ""24956208"", ""24956303"", ""24956350"", ""30827856"", ""34050"", ""35792256"", ""35792775"", ""35792823"", ""35792872"", ""35792900"", ""35792916"", ""35792981"", ""35792985"", ""35792989"", ""35792993"", ""35793210"", ""35793338"", ""35793343"", ""35793347"", ""35793351"", ""36097025"", ""36097030"", ""36097035"", ""36097040"", ""36097045"", ""36099378"", ""36099383"", ""37790090"", ""37790094"", ""37790118"", ""37790198"", ""37790202"", ""37790241"", ""37790257"", ""37790261"", ""37790311"", ""37790331"", ""37790335"", ""37790340"", ""37790435"", ""37790439"", ""41334167"", ""41334182"", ""41334207"", ""41334437"", ""47687412"", ""47687442"", ""47688566"", ""77845302"", ""93018944"", ""93018976"", ""93413155"", ""93413161"", ""93413167"", ""93413173"", ""93413179"", ""93413184"", ""93413189"", ""93413195"", ""93413201"", ""93413207"", ""93413844"", ""93413850"", ""93413856"", ""93413861"", ""93413998"", ""93414004"", ""93414010"", ""93414015"", ""93414020"", ""93414026"", ""93414032"", ""93414038"", ""93414043"", ""93414049"", ""93414054"", ""93414060"", ""93414066"", ""93453754"", ""93453766"", ""95175281"", ""95175286"", ""95175291"", ""95284493"", ""95937928""]","[""GCST000190"", ""GCST000191"", ""GCST001929"", ""GCST003020"", ""GCST003021"", ""GCST003022"", ""GCST003023"", ""GCST005093"", ""GCST005094"", ""GCST005096"", ""GCST005897"", ""GCST006988"", ""GCST006989"", ""GCST007082"", ""GCST007086"", ""GCST007451"", ""GCST007452"", ""GCST007453"", ""GCST007455"", ""GCST007456"", ""GCST007457"", ""GCST007488"", ""GCST007489"", ""GCST008516"", ""GCST011355"", ""GCST012219"", ""GCST90020054"", ""GCST90020056"", ""GCST90026489"", ""GCST90026490"", ""GCST90041836"", ""GCST90041838"", ""GCST90041839"", ""GCST90095476"", ""GCST90100219"", ""GCST90246327"", ""GCST90255682"", ""GCST90255683"", ""GCST90255684"", ""GCST90255686"", ""GCST90255688"", ""GCST90255689"", ""GCST90255690"", ""GCST90502780"", ""GCST90502781"", ""GCST90502784"", ""GCST90502785"", ""GCST90854270"", ""GCST90854271""]","[""18483556"", ""23548203"", ""26184321"", ""29109912"", ""29739929"", ""30166351"", ""30531825"", ""30595370"", ""30664655"", ""31315583"", ""33600456"", ""33692100"", ""34265127"", ""34570997"", ""34648798"", ""34737426"", ""34737440"", ""36536295"", ""36672889"", ""40010489"", ""42586059""]",True
pigmentation,OVOL1,2,2,2,"[""35792751"", ""36096561""]","[""GCST006988"", ""GCST007082""]","[""30531825"", ""30595370""]",True
pigmentation,PABPN1L,2,2,2,"[""93413399"", ""95175377""]","[""GCST90041837"", ""GCST90095478""]","[""34737426"", ""34737440""]",True
pigmentation,PADI3,4,3,3,"[""35793019"", ""35793064"", ""36095427"", ""93413016""]","[""GCST006988"", ""GCST007082"", ""GCST90041836""]","[""30531825"", ""30595370"", ""34737426""]",True
pigmentation,PAX3,5,2,2,"[""35792384"", ""35792456"", ""35792601"", ""36095656"", ""36095661""]","[""GCST006988"", ""GCST007082""]","[""30531825"", ""30595370""]",True
pigmentation,PCNX1,2,2,2,"[""16544452"", ""36096941""]","[""GCST003478"", ""GCST007082""]","[""26926045"", ""30595370""]",True
pigmentation,PDCD6IPP2,3,3,2,"[""11639"", ""11642"", ""36097060""]","[""GCST000190"", ""GCST000191"", ""GCST007082""]","[""18483556"", ""30595370""]",True
pigmentation,PDE4B,2,2,2,"[""30827795"", ""36099099""]","[""GCST005897"", ""GCST007086""]","[""29739929"", ""30595370""]",True
pigmentation,PDE4D,3,3,2,"[""36095953"", ""36099185"", ""95284521""]","[""GCST007082"", ""GCST007086"", ""GCST012219""]","[""30595370"", ""33692100""]",True
pigmentation,PEBP4,2,2,2,"[""35792650"", ""36096266""]","[""GCST006988"", ""GCST007082""]","[""30531825"", ""30595370""]",True
pigmentation,PEX14,2,2,2,"[""35793002"", ""36095412""]","[""GCST006988"", ""GCST007082""]","[""30531825"", ""30595370""]",True
pigmentation,PIEZO1,5,2,2,"[""36097192"", ""93413351"", ""93413357"", ""93413363"", ""93413369""]","[""GCST007082"", ""GCST90041837""]","[""30595370"", ""34737426""]",True
pigmentation,PIGPP3,2,2,2,"[""222644390"", ""36099484""]","[""GCST007086"", ""GCST90939791""]","[""30595370"", ""38728357""]",True
pigmentation,PIGU,3,3,3,"[""30828098"", ""35793407"", ""61986428""]","[""GCST005897"", ""GCST006989"", ""GCST010302""]","[""29739929"", ""30531825"", ""32341527""]",True
pigmentation,PKHD1,2,2,2,"[""36096098"", ""62419498""]","[""GCST006986"", ""GCST007082""]","[""30531825"", ""30595370""]",True
pigmentation,PLXNB2,3,3,3,"[""35792641"", ""36097554"", ""61986506""]","[""GCST006988"", ""GCST007082"", ""GCST010302""]","[""30531825"", ""30595370"", ""32341527""]",True
pigmentation,POMC,2,2,2,"[""36095539"", ""62419503""]","[""GCST006986"", ""GCST007082""]","[""30531825"", ""30595370""]",True
pigmentation,PPARGC1B,8,8,7,"[""100653948"", ""103607486"", ""12867"", ""30827803"", ""31658746"", ""36099194"", ""62410536"", ""62410580""]","[""GCST000371"", ""GCST005897"", ""GCST006091"", ""GCST007086"", ""GCST90002283"", ""GCST90002284"", ""GCST90146360"", ""GCST90246327""]","[""19340012"", ""29739929"", ""29895819"", ""30595370"", ""32835660"", ""36035146"", ""36536295""]",True
pigmentation,PPFIBP2,5,5,4,"[""30548206"", ""35792308"", ""35793256"", ""36096464"", ""61986474""]","[""GCST006075"", ""GCST006988"", ""GCST006989"", ""GCST007082"", ""GCST010302""]","[""29662168"", ""30531825"", ""30595370"", ""32341527""]",True
pigmentation,PPM1A,3,3,3,"[""30548239"", ""35792625"", ""36096918""]","[""GCST006075"", ""GCST006988"", ""GCST007082""]","[""29662168"", ""30531825"", ""30595370""]",True
pigmentation,PRDM7,8,6,4,"[""30827904"", ""30828051"", ""36097247"", ""36099464"", ""93413796"", ""93413802"", ""93414252"", ""95175428""]","[""GCST005897"", ""GCST007082"", ""GCST007086"", ""GCST90041837"", ""GCST90041839"", ""GCST90095478""]","[""29739929"", ""30595370"", ""34737426"", ""34737440""]",True
pigmentation,PRELID1P5,2,2,2,"[""35792484"", ""36095494""]","[""GCST006988"", ""GCST007082""]","[""30531825"", ""30595370""]",True
pigmentation,PTCH1,2,2,2,"[""36099290"", ""41452373""]","[""GCST007086"", ""GCST007739""]","[""30595370"", ""30895295""]",True
pigmentation,PTPN14,2,2,2,"[""36095504"", ""61986531""]","[""GCST007082"", ""GCST010302""]","[""30595370"", ""32341527""]",True
pigmentation,RAB11FIP2,10,8,6,"[""103607506"", ""30827823"", ""31658758"", ""31658769"", ""31658775"", ""36099300"", ""37790074"", ""37790423"", ""62410541"", ""62410585""]","[""GCST005897"", ""GCST006091"", ""GCST007086"", ""GCST007451"", ""GCST007452"", ""GCST90002283"", ""GCST90002284"", ""GCST90246327""]","[""29739929"", ""29895819"", ""30595370"", ""30664655"", ""32835660"", ""36536295""]",True
pigmentation,RAD51B,2,2,2,"[""35792464"", ""36096932""]","[""GCST006988"", ""GCST007082""]","[""30531825"", ""30595370""]",True
pigmentation,RALY,8,8,7,"[""10095409"", ""103607527"", ""14947129"", ""30548262"", ""30827847"", ""35792896"", ""36099488"", ""62419533""]","[""GCST002785"", ""GCST002908"", ""GCST005897"", ""GCST006075"", ""GCST006986"", ""GCST006988"", ""GCST007086"", ""GCST90246327""]","[""25705849"", ""25963972"", ""29662168"", ""29739929"", ""30531825"", ""30595370"", ""36536295""]",True
pigmentation,RASA3,2,2,2,"[""36096906"", ""61986554""]","[""GCST007082"", ""GCST010302""]","[""30595370"", ""32341527""]",True
pigmentation,RN7SL720P,9,9,7,"[""10095339"", ""103607501"", ""104181063"", ""30548196"", ""30827819"", ""35792328"", ""35793218"", ""36096346"", ""36099285""]","[""GCST002785"", ""GCST005897"", ""GCST006075"", ""GCST006988"", ""GCST006989"", ""GCST007082"", ""GCST007086"", ""GCST90246327"", ""GCST90255690""]","[""25705849"", ""29662168"", ""29739929"", ""30531825"", ""30595370"", ""36536295"", ""36672889""]",True
pigmentation,RNF166,3,3,3,"[""30828009"", ""36099418"", ""95175372""]","[""GCST005897"", ""GCST007086"", ""GCST90095478""]","[""29739929"", ""30595370"", ""34737440""]",True
pigmentation,RNF5P1,2,2,2,"[""35792715"", ""36096279""]","[""GCST006988"", ""GCST007082""]","[""30531825"", ""30595370""]",True
pigmentation,RNU1-117P,15,13,9,"[""14882492"", ""14882735"", ""14882872"", ""30548224"", ""30827984"", ""34058"", ""35792264"", ""35792924"", ""35793328"", ""36096794"", ""36096799"", ""5942"", ""93018960"", ""93018988"", ""95175266""]","[""GCST000118"", ""GCST001932"", ""GCST003021"", ""GCST003022"", ""GCST003023"", ""GCST005897"", ""GCST006075"", ""GCST006988"", ""GCST006989"", ""GCST007082"", ""GCST90020054"", ""GCST90020056"", ""GCST90095476""]","[""17952075"", ""23548203"", ""26184321"", ""29662168"", ""29739929"", ""30531825"", ""30595370"", ""34648798"", ""34737440""]",True
pigmentation,RNU4-64P,2,2,2,"[""41451171"", ""97365686""]","[""GCST007740"", ""GCST90104590""]","[""30895295"", ""35313536""]",True
pigmentation,RNU6-1313P,3,2,2,"[""35792332"", ""35792500"", ""36097292""]","[""GCST006988"", ""GCST007082""]","[""30531825"", ""30595370""]",True
pigmentation,RNU6-211P,2,2,2,"[""35792380"", ""36095963""]","[""GCST006988"", ""GCST007082""]","[""30531825"", ""30595370""]",True
pigmentation,RNU6-366P,26,17,13,"[""11640"", ""15589"", ""15591"", ""15596"", ""222644355"", ""30548244"", ""30827994"", ""34059"", ""34068"", ""34070"", ""35792783"", ""35792928"", ""36096956"", ""36096961"", ""41334591"", ""5943"", ""5944"", ""93413131"", ""93413137"", ""93413143"", ""93413976"", ""93413981"", ""93413986"", ""93413992"", ""95175276"", ""95284489""]","[""GCST000117"", ""GCST000118"", ""GCST000190"", ""GCST000707"", ""GCST000710"", ""GCST001929"", ""GCST001932"", ""GCST005897"", ""GCST006075"", ""GCST006988"", ""GCST007082"", ""GCST007486"", ""GCST012219"", ""GCST90041836"", ""GCST90041839"", ""GCST90095476"", ""GCST90939791""]","[""17952075"", ""18483556"", ""20585627"", ""23548203"", ""29662168"", ""29739929"", ""30166351"", ""30531825"", ""30595370"", ""33692100"", ""34737426"", ""34737440"", ""38728357""]",True
pigmentation,RNU6-440P,2,2,2,"[""35792488"", ""36095618""]","[""GCST006988"", ""GCST007082""]","[""30531825"", ""30595370""]",True
pigmentation,RNU6-921P,3,3,3,"[""35792416"", ""36096937"", ""61986510""]","[""GCST006988"", ""GCST007082"", ""GCST010302""]","[""30531825"", ""30595370"", ""32341527""]",True
pigmentation,RNU6-929P,3,3,3,"[""24956213"", ""35792767"", ""36097496""]","[""GCST005094"", ""GCST006988"", ""GCST007082""]","[""29109912"", ""30531825"", ""30595370""]",True
pigmentation,RNU7-197P,2,2,2,"[""35792735"", ""36095880""]","[""GCST006988"", ""GCST007082""]","[""30531825"", ""30595370""]",True
pigmentation,RPL13,3,3,3,"[""104178551"", ""41334531"", ""95175404""]","[""GCST007486"", ""GCST90095478"", ""GCST90255681""]","[""30166351"", ""34737440"", ""36672889""]",True
pigmentation,RPL18AP17,2,2,2,"[""222644341"", ""41452036""]","[""GCST007742"", ""GCST90939791""]","[""30895295"", ""38728357""]",True
pigmentation,RPL23AP68,3,2,2,"[""36096764"", ""36096769"", ""41452535""]","[""GCST007082"", ""GCST007739""]","[""30595370"", ""30895295""]",True
pigmentation,RPL3,2,2,2,"[""35792520"", ""36097540""]","[""GCST006988"", ""GCST007082""]","[""30531825"", ""30595370""]",True
pigmentation,RPL34-DT,4,2,2,"[""35792320"", ""35792711"", ""36095860"", ""36095865""]","[""GCST006988"", ""GCST007082""]","[""30531825"", ""30595370""]",True
pigmentation,RPL6P14,2,2,2,"[""35792605"", ""36095841""]","[""GCST006988"", ""GCST007082""]","[""30531825"", ""30595370""]",True
pigmentation,RPL7AP79,2,2,2,"[""35792658"", ""36096533""]","[""GCST006988"", ""GCST007082""]","[""30531825"", ""30595370""]",True
pigmentation,RPS2P1,6,6,3,"[""11223"", ""11224"", ""34063"", ""36097422"", ""6221"", ""6223""]","[""GCST000193"", ""GCST000195"", ""GCST000196"", ""GCST000197"", ""GCST001939"", ""GCST007082""]","[""18488028"", ""23548203"", ""30595370""]",True
pigmentation,RSPO2,4,2,2,"[""35792476"", ""35792876"", ""36096294"", ""36096299""]","[""GCST006988"", ""GCST007082""]","[""30531825"", ""30595370""]",True
pigmentation,SAMHD1,2,2,2,"[""30828164"", ""36097456""]","[""GCST005897"", ""GCST007082""]","[""29739929"", ""30595370""]",True
pigmentation,SAMMSON,2,2,2,"[""61986484"", ""93413900""]","[""GCST010302"", ""GCST90041839""]","[""32341527"", ""34737426""]",True
pigmentation,SCARB1,2,2,2,"[""36096848"", ""93018982""]","[""GCST007082"", ""GCST90020056""]","[""30595370"", ""34648798""]",True
pigmentation,SEMA6D,3,3,3,"[""104178403"", ""16544472"", ""41452510""]","[""GCST003478"", ""GCST007739"", ""GCST90255681""]","[""26926045"", ""30895295"", ""36672889""]",True
pigmentation,SGIP1,2,2,2,"[""30827795"", ""36099099""]","[""GCST005897"", ""GCST007086""]","[""29739929"", ""30595370""]",True
pigmentation,SGK1,2,2,2,"[""35792589"", ""36096125""]","[""GCST006988"", ""GCST007082""]","[""30531825"", ""30595370""]",True
pigmentation,SH3GL3,2,2,2,"[""35792686"", ""36097109""]","[""GCST006988"", ""GCST007082""]","[""30531825"", ""30595370""]",True
pigmentation,SHC4,2,2,2,"[""36097089"", ""41451507""]","[""GCST007082"", ""GCST007741""]","[""30595370"", ""30895295""]",True
pigmentation,SIK1,4,4,3,"[""35792637"", ""36097515"", ""62419507"", ""95284557""]","[""GCST006986"", ""GCST006988"", ""GCST007082"", ""GCST012219""]","[""30531825"", ""30595370"", ""33692100""]",True
pigmentation,SLA2,2,2,2,"[""30828154"", ""36097451""]","[""GCST005897"", ""GCST007082""]","[""29739929"", ""30595370""]",True
pigmentation,SLC12A1,16,4,2,"[""223072137"", ""223072145"", ""223072210"", ""223072220"", ""223072250"", ""223072260"", ""223072299"", ""223072307"", ""223072364"", ""223072381"", ""223072403"", ""223072486"", ""223072494"", ""223072619"", ""223072628"", ""41452506""]","[""GCST007739"", ""GCST90854270"", ""GCST90854271"", ""GCST90854272""]","[""30895295"", ""42586059""]",True
pigmentation,SLC12A9,6,5,4,"[""35792682"", ""35792933"", ""36096228"", ""93413080"", ""93413954"", ""95284533""]","[""GCST006988"", ""GCST007082"", ""GCST012219"", ""GCST90041836"", ""GCST90041839""]","[""30531825"", ""30595370"", ""33692100"", ""34737426""]",True
pigmentation,SLC24A4,34,22,15,"[""11640"", ""14882493"", ""14882736"", ""14882873"", ""15589"", ""15591"", ""15596"", ""222644355"", ""30548244"", ""30827994"", ""34059"", ""34068"", ""34070"", ""35792581"", ""35792633"", ""35792928"", ""35793333"", ""36096961"", ""36096966"", ""36096971"", ""36096975"", ""41334591"", ""5943"", ""5944"", ""61986433"", ""93413131"", ""93413137"", ""93413143"", ""93413149"", ""93413981"", ""93413986"", ""93413992"", ""95175276"", ""95284489""]","[""GCST000117"", ""GCST000118"", ""GCST000190"", ""GCST000707"", ""GCST000710"", ""GCST001929"", ""GCST001932"", ""GCST003021"", ""GCST003022"", ""GCST003023"", ""GCST005897"", ""GCST006075"", ""GCST006988"", ""GCST006989"", ""GCST007082"", ""GCST007486"", ""GCST010302"", ""GCST012219"", ""GCST90041836"", ""GCST90041839"", ""GCST90095476"", ""GCST90939791""]","[""17952075"", ""18483556"", ""20585627"", ""23548203"", ""26184321"", ""29662168"", ""29739929"", ""30166351"", ""30531825"", ""30595370"", ""32341527"", ""33692100"", ""34737426"", ""34737440"", ""38728357""]",True
pigmentation,SLC24A5,44,24,12,"[""16544585"", ""223072150"", ""223072155"", ""223072165"", ""223072170"", ""223072180"", ""223072200"", ""223072215"", ""223072311"", ""223072316"", ""223072324"", ""223072332"", ""223072344"", ""223072360"", ""223072368"", ""223072502"", ""223072506"", ""223072514"", ""223072523"", ""223072560"", ""223072655"", ""223072659"", ""27275220"", ""27275252"", ""36097084"", ""37790106"", ""37790214"", ""37790253"", ""37790290"", ""37790323"", ""37790451"", ""41451247"", ""41451502"", ""41452461"", ""41452493"", ""47462287"", ""47687928"", ""61986583"", ""77845307"", ""93413248"", ""93414110"", ""93414340"", ""95284549"", ""95937934""]","[""GCST003479"", ""GCST005188"", ""GCST007082"", ""GCST007451"", ""GCST007452"", ""GCST007453"", ""GCST007454"", ""GCST007455"", ""GCST007457"", ""GCST007739"", ""GCST007740"", ""GCST007741"", ""GCST008518"", ""GCST008519"", ""GCST010302"", ""GCST011355"", ""GCST012219"", ""GCST90041836"", ""GCST90041839"", ""GCST90041840"", ""GCST90100219"", ""GCST90854270"", ""GCST90854271"", ""GCST90854272""]","[""26926045"", ""29195075"", ""30595370"", ""30664655"", ""30895295"", ""31315583"", ""32341527"", ""33600456"", ""33692100"", ""34570997"", ""34737426"", ""42586059""]",True
pigmentation,SLC38A2,2,2,2,"[""35792560"", ""36096705""]","[""GCST006988"", ""GCST007082""]","[""30531825"", ""30595370""]",True
pigmentation,SLC45A2,139,44,21,"[""103607481"", ""104178681"", ""104178747"", ""104178764"", ""104178801"", ""104178812"", ""104178818"", ""104178830"", ""104178842"", ""104179093"", ""104179206"", ""104179453"", ""104179463"", ""104179487"", ""104179509"", ""104179535"", ""104179540"", ""104179580"", ""104179585"", ""104179590"", ""104179602"", ""104179608"", ""104179614"", ""104179661"", ""104179687"", ""104179709"", ""104179715"", ""104179735"", ""104179740"", ""104179745"", ""104179751"", ""104179761"", ""104179767"", ""104179827"", ""104179833"", ""104179839"", ""104179915"", ""104179921"", ""104179968"", ""104179995"", ""104180036"", ""104180047"", ""104180121"", ""104180126"", ""104180131"", ""104180136"", ""104180141"", ""104180153"", ""104180191"", ""104180239"", ""104180250"", ""104180275"", ""104180281"", ""104180314"", ""104180405"", ""104180410"", ""104180476"", ""104180501"", ""104180521"", ""104180561"", ""104180571"", ""104180601"", ""104180636"", ""104180641"", ""104180646"", ""104180656"", ""104180681"", ""104180716"", ""104180731"", ""104180736"", ""104180761"", ""104180824"", ""104180829"", ""104180865"", ""104180870"", ""104180906"", ""104180921"", ""104180952"", ""104180962"", ""104181013"", ""104181018"", ""104181023"", ""104181028"", ""104181033"", ""104181038"", ""104181058"", ""104181073"", ""104181084"", ""104181089"", ""104181104"", ""104181109"", ""12863"", ""14883049"", ""14947132"", ""15574"", ""15593"", ""15612"", ""16544514"", ""222644287"", ""30548177"", ""30827799"", ""35792220"", ""35792973"", ""35792977"", ""35793166"", ""36095895"", ""36099180"", ""37790066"", ""37790189"", ""37790229"", ""37790266"", ""37790295"", ""37790415"", ""41334192"", ""41334212"", ""41334284"", ""41334382"", ""41334397"", ""41334417"", ""41334442"", ""41334461"", ""41334481"", ""41334491"", ""41334516"", ""41334561"", ""41334602"", ""47462259"", ""47462263"", ""47687909"", ""6178"", ""61986415"", ""6205"", ""77845284"", ""93413027"", ""93413910"", ""93414271"", ""95175250"", ""95175339"", ""95284465""]","[""GCST000190"", ""GCST000191"", ""GCST000371"", ""GCST000707"", ""GCST000710"", ""GCST002908"", ""GCST003019"", ""GCST003479"", ""GCST005897"", ""GCST006075"", ""GCST006988"", ""GCST006989"", ""GCST007082"", ""GCST007086"", ""GCST007451"", ""GCST007452"", ""GCST007453"", ""GCST007454"", ""GCST007455"", ""GCST007457"", ""GCST007486"", ""GCST007488"", ""GCST007489"", ""GCST008518"", ""GCST008519"", ""GCST010302"", ""GCST011355"", ""GCST012219"", ""GCST90041836"", ""GCST90041839"", ""GCST90041840"", ""GCST90095476"", ""GCST90095477"", ""GCST90246327"", ""GCST90255682"", ""GCST90255683"", ""GCST90255684"", ""GCST90255685"", ""GCST90255686"", ""GCST90255687"", ""GCST90255688"", ""GCST90255689"", ""GCST90255690"", ""GCST90939791""]","[""18483556"", ""19340012"", ""20585627"", ""25963972"", ""26184321"", ""26926045"", ""29662168"", ""29739929"", ""30166351"", ""30531825"", ""30595370"", ""30664655"", ""31315583"", ""32341527"", ""33600456"", ""33692100"", ""34737426"", ""34737440"", ""36536295"", ""36672889"", ""38728357""]",True
pigmentation,SLC49A4,2,2,2,"[""35792348"", ""36095730""]","[""GCST006988"", ""GCST007082""]","[""30531825"", ""30595370""]",True
pigmentation,SLC6A17,2,2,2,"[""103607464"", ""36099109""]","[""GCST007086"", ""GCST90246327""]","[""30595370"", ""36536295""]",True
pigmentation,SMIM38,2,2,2,"[""30827934"", ""95175262""]","[""GCST005897"", ""GCST90095476""]","[""29739929"", ""34737440""]",True
pigmentation,SNX16,2,2,2,"[""35792747"", ""36096289""]","[""GCST006988"", ""GCST007082""]","[""30531825"", ""30595370""]",True
pigmentation,SORBS2,3,2,2,"[""41451171"", ""97365680"", ""97365686""]","[""GCST007740"", ""GCST90104590""]","[""30895295"", ""35313536""]",True
pigmentation,SOX5,2,2,2,"[""36096690"", ""95284485""]","[""GCST007082"", ""GCST012219""]","[""30595370"", ""33692100""]",True
pigmentation,SOX6,11,5,3,"[""35792436"", ""35792666"", ""36096483"", ""36096488"", ""36096493"", ""36096498"", ""36099305"", ""36099310"", ""36099315"", ""93413091"", ""93413959""]","[""GCST006988"", ""GCST007082"", ""GCST007086"", ""GCST90041836"", ""GCST90041839""]","[""30531825"", ""30595370"", ""34737426""]",True
pigmentation,SP2-AS1,6,4,3,"[""30548257"", ""35792400"", ""35792835"", ""35793398"", ""36097273"", ""36097278""]","[""GCST006075"", ""GCST006988"", ""GCST006989"", ""GCST007082""]","[""29662168"", ""30531825"", ""30595370""]",True
pigmentation,SP6,4,4,3,"[""30548257"", ""35792835"", ""35793398"", ""36097273""]","[""GCST006075"", ""GCST006988"", ""GCST006989"", ""GCST007082""]","[""29662168"", ""30531825"", ""30595370""]",True
pigmentation,SPAG16-DT,3,3,3,"[""36095623"", ""61986563"", ""97365759""]","[""GCST007082"", ""GCST010302"", ""GCST90104591""]","[""30595370"", ""32341527"", ""35313536""]",True
pigmentation,SPATA2L,3,3,3,"[""104178523"", ""35792799"", ""93413662""]","[""GCST006988"", ""GCST90041837"", ""GCST90255681""]","[""30531825"", ""34737426"", ""36672889""]",True
pigmentation,SPATA33,10,9,5,"[""10095403"", ""35792957"", ""35793360"", ""41334274"", ""62419619"", ""93413888"", ""93414179"", ""93414184"", ""93414345"", ""95175311""]","[""GCST002785"", ""GCST006986"", ""GCST006988"", ""GCST006989"", ""GCST007488"", ""GCST90041838"", ""GCST90041839"", ""GCST90041840"", ""GCST90095476""]","[""25705849"", ""30166351"", ""30531825"", ""34737426"", ""34737440""]",True
pigmentation,SPG7,11,6,5,"[""104178367"", ""104178598"", ""41334531"", ""61986424"", ""93413602"", ""93413608"", ""93413614"", ""93413620"", ""93413626"", ""93414167"", ""95175404""]","[""GCST007486"", ""GCST010302"", ""GCST90041837"", ""GCST90041839"", ""GCST90095478"", ""GCST90255681""]","[""30166351"", ""32341527"", ""34737426"", ""34737440"", ""36672889""]",True
pigmentation,SPIRE2,17,10,6,"[""103607388"", ""103607417"", ""104178471"", ""104178477"", ""104180304"", ""104180751"", ""30827880"", ""30827884"", ""35792827"", ""35792912"", ""35793364"", ""36097237"", ""62419485"", ""62419582"", ""93413704"", ""93413710"", ""93413716""]","[""GCST005897"", ""GCST006986"", ""GCST006988"", ""GCST006989"", ""GCST007082"", ""GCST90041837"", ""GCST90246327"", ""GCST90255681"", ""GCST90255688"", ""GCST90255689""]","[""29739929"", ""30531825"", ""30595370"", ""34737426"", ""36536295"", ""36672889""]",True
pigmentation,SRC,2,2,2,"[""30828174"", ""36097461""]","[""GCST005897"", ""GCST007082""]","[""29739929"", ""30595370""]",True
pigmentation,SYNE2,3,3,3,"[""35792670"", ""36096922"", ""61986489""]","[""GCST006988"", ""GCST007082"", ""GCST010302""]","[""30531825"", ""30595370"", ""32341527""]",True
pigmentation,TAC4-AS1,3,2,2,"[""35792332"", ""35792500"", ""36097292""]","[""GCST006988"", ""GCST007082""]","[""30531825"", ""30595370""]",True
pigmentation,TACC1,2,2,2,"[""35792715"", ""36096279""]","[""GCST006988"", ""GCST007082""]","[""30531825"", ""30595370""]",True
pigmentation,TBCD,2,2,2,"[""35792731"", ""36097334""]","[""GCST006988"", ""GCST007082""]","[""30531825"", ""30595370""]",True
pigmentation,TCF25,14,7,3,"[""103607443"", ""35792827"", ""35792912"", ""35793364"", ""35793369"", ""62419471"", ""62419537"", ""62419551"", ""62419565"", ""62419577"", ""93413260"", ""93413716"", ""93414219"", ""93414225""]","[""GCST006986"", ""GCST006988"", ""GCST006989"", ""GCST90041836"", ""GCST90041837"", ""GCST90041839"", ""GCST90246327""]","[""30531825"", ""34737426"", ""36536295""]",True
pigmentation,TESHL,2,2,2,"[""104178373"", ""36095627""]","[""GCST007082"", ""GCST90255681""]","[""30595370"", ""36672889""]",True
pigmentation,TGDS,4,4,4,"[""30548234"", ""30827835"", ""35792856"", ""36096896""]","[""GCST005897"", ""GCST006075"", ""GCST006988"", ""GCST007082""]","[""29662168"", ""29739929"", ""30531825"", ""30595370""]",True
pigmentation,THNSL2,2,2,2,"[""35793040"", ""36095582""]","[""GCST006988"", ""GCST007082""]","[""30531825"", ""30595370""]",True
pigmentation,TIPARP-AS1,2,2,2,"[""103607476"", ""36099161""]","[""GCST007086"", ""GCST90246327""]","[""30595370"", ""36536295""]",True
pigmentation,TMCC2,3,3,3,"[""222644246"", ""30548164"", ""35793056""]","[""GCST006075"", ""GCST006988"", ""GCST90939791""]","[""29662168"", ""30531825"", ""38728357""]",True
pigmentation,TMEM163,3,3,3,"[""35793010"", ""36095601"", ""61986536""]","[""GCST006988"", ""GCST007082"", ""GCST010302""]","[""30531825"", ""30595370"", ""32341527""]",True
pigmentation,TMEM258,2,2,2,"[""35792759"", ""36096547""]","[""GCST006988"", ""GCST007082""]","[""30531825"", ""30595370""]",True
pigmentation,TMTC3,6,4,3,"[""35792248"", ""35792795"", ""35792839"", ""35793188"", ""36096784"", ""41452365""]","[""GCST006988"", ""GCST006989"", ""GCST007082"", ""GCST007739""]","[""30531825"", ""30595370"", ""30895295""]",True
pigmentation,TP63,3,3,2,"[""36095788"", ""36099166"", ""41451890""]","[""GCST007082"", ""GCST007086"", ""GCST007742""]","[""30595370"", ""30895295""]",True
pigmentation,TPCN2,23,16,11,"[""14882491"", ""14882734"", ""14882871"", ""15614"", ""222644317"", ""30548211"", ""30827827"", ""30827934"", ""35792880"", ""35792920"", ""35792969"", ""35793311"", ""35793316"", ""36096589"", ""36099325"", ""61986437"", ""6222"", ""93413097"", ""93413103"", ""93413108"", ""93413965"", ""93413970"", ""95175262""]","[""GCST000194"", ""GCST000707"", ""GCST003021"", ""GCST003022"", ""GCST003023"", ""GCST005897"", ""GCST006075"", ""GCST006988"", ""GCST006989"", ""GCST007082"", ""GCST007086"", ""GCST010302"", ""GCST90041836"", ""GCST90041839"", ""GCST90095476"", ""GCST90939791""]","[""18488028"", ""20585627"", ""26184321"", ""29662168"", ""29739929"", ""30531825"", ""30595370"", ""32341527"", ""34737426"", ""34737440"", ""38728357""]",True
pigmentation,TPM3P2,3,3,2,"[""222644390"", ""36097417"", ""36099484""]","[""GCST007082"", ""GCST007086"", ""GCST90939791""]","[""30595370"", ""38728357""]",True
pigmentation,TPRG1,3,3,3,"[""16544606"", ""36099166"", ""41451890""]","[""GCST003479"", ""GCST007086"", ""GCST007742""]","[""26926045"", ""30595370"", ""30895295""]",True
pigmentation,TRPC4AP,2,2,2,"[""30828116"", ""36097432""]","[""GCST005897"", ""GCST007082""]","[""29739929"", ""30595370""]",True
pigmentation,TRPS1,4,4,3,"[""103607496"", ""30827811"", ""36096308"", ""36099276""]","[""GCST005897"", ""GCST007082"", ""GCST007086"", ""GCST90246327""]","[""29739929"", ""30595370"", ""36536295""]",True
pigmentation,TSPAN10,6,5,4,"[""35793402"", ""36097324"", ""41334466"", ""41334566"", ""62419516"", ""95284505""]","[""GCST006986"", ""GCST006989"", ""GCST007082"", ""GCST007486"", ""GCST012219""]","[""30166351"", ""30531825"", ""30595370"", ""33692100""]",True
pigmentation,TUBB3,8,5,4,"[""103607405"", ""36097242"", ""62419466"", ""62419541"", ""93413749"", ""93413755"", ""93414236"", ""93414241""]","[""GCST006986"", ""GCST007082"", ""GCST90041837"", ""GCST90041839"", ""GCST90246327""]","[""30531825"", ""30595370"", ""34737426"", ""36536295""]",True
pigmentation,TUBB4BP4,2,2,2,"[""36096672"", ""61986573""]","[""GCST007082"", ""GCST010302""]","[""30595370"", ""32341527""]",True
pigmentation,TWIST2,2,2,2,"[""35792629"", ""36095675""]","[""GCST006988"", ""GCST007082""]","[""30531825"", ""30595370""]",True
pigmentation,TYR,40,25,14,"[""103607511"", ""104179492"", ""104179854"", ""104180042"", ""104180170"", ""104180293"", ""104180425"", ""104180566"", ""104180661"", ""104180819"", ""104180957"", ""104181048"", ""104181099"", ""11754"", ""11764"", ""11787"", ""12892"", ""15594"", ""15597"", ""30548220"", ""30827831"", ""30827959"", ""34054"", ""34065"", ""35792848"", ""35792892"", ""35793320"", ""35793324"", ""36096647"", ""36099349"", ""36099353"", ""37790082"", ""37790086"", ""37790278"", ""37790282"", ""37790307"", ""37790431"", ""47688506"", ""61986442"", ""95284481""]","[""GCST000116"", ""GCST000117"", ""GCST000119"", ""GCST000371"", ""GCST000710"", ""GCST001933"", ""GCST001939"", ""GCST005897"", ""GCST006075"", ""GCST006988"", ""GCST006989"", ""GCST007082"", ""GCST007086"", ""GCST007451"", ""GCST007452"", ""GCST007454"", ""GCST007455"", ""GCST008519"", ""GCST010302"", ""GCST012219"", ""GCST90246327"", ""GCST90255686"", ""GCST90255688"", ""GCST90255689"", ""GCST90255690""]","[""17952075"", ""19340012"", ""20585627"", ""23548203"", ""29662168"", ""29739929"", ""30531825"", ""30595370"", ""30664655"", ""31315583"", ""32341527"", ""33692100"", ""36536295"", ""36672889""]",True
pigmentation,TYRP1,3,3,2,"[""104180073"", ""104180596"", ""61986447""]","[""GCST010302"", ""GCST90255688"", ""GCST90255689""]","[""32341527"", ""36672889""]",True
pigmentation,U6,2,2,2,"[""30828134"", ""41452518""]","[""GCST005897"", ""GCST007739""]","[""29739929"", ""30895295""]",True
pigmentation,VGLL4,2,2,2,"[""35792444"", ""36095688""]","[""GCST006988"", ""GCST007082""]","[""30531825"", ""30595370""]",True
pigmentation,VPS9D1,5,4,4,"[""103607411"", ""104178466"", ""104178523"", ""30828035"", ""93414202""]","[""GCST005897"", ""GCST90041839"", ""GCST90246327"", ""GCST90255681""]","[""29739929"", ""34737426"", ""36536295"", ""36672889""]",True
pigmentation,VPS9D1-AS1,2,2,2,"[""104178466"", ""93414202""]","[""GCST90041839"", ""GCST90255681""]","[""34737426"", ""36672889""]",True
pigmentation,WHAMMP2,3,3,2,"[""11639"", ""11642"", ""36097060""]","[""GCST000190"", ""GCST000191"", ""GCST007082""]","[""18483556"", ""30595370""]",True
pigmentation,WNT7B,2,2,2,"[""222644394"", ""35792284""]","[""GCST006988"", ""GCST90939791""]","[""30531825"", ""38728357""]",True
pigmentation,Y_RNA,12,5,4,"[""104178379"", ""35792248"", ""35792795"", ""35792839"", ""35793188"", ""36096251"", ""36096613"", ""36096784"", ""36096789"", ""36097306"", ""36097545"", ""41452365""]","[""GCST006988"", ""GCST006989"", ""GCST007082"", ""GCST007739"", ""GCST90255681""]","[""30531825"", ""30595370"", ""30895295"", ""36672889""]",True
pigmentation,ZBTB38,4,4,3,"[""30548173"", ""35792807"", ""35793274"", ""36095748""]","[""GCST006075"", ""GCST006988"", ""GCST006989"", ""GCST007082""]","[""29662168"", ""30531825"", ""30595370""]",True
pigmentation,ZC3H18,3,2,2,"[""36097187"", ""93413333"", ""93413339""]","[""GCST007082"", ""GCST90041837""]","[""30595370"", ""34737426""]",True
pigmentation,ZFP36L1,3,3,3,"[""35792416"", ""36096937"", ""61986510""]","[""GCST006988"", ""GCST007082"", ""GCST010302""]","[""30531825"", ""30595370"", ""32341527""]",True
pigmentation,ZFPM1,5,2,2,"[""36097177"", ""36097182"", ""93413321"", ""93413327"", ""93413333""]","[""GCST007082"", ""GCST90041837""]","[""30595370"", ""34737426""]",True
pigmentation,ZFYVE16,2,2,2,"[""35792380"", ""36095963""]","[""GCST006988"", ""GCST007082""]","[""30531825"", ""30595370""]",True
pigmentation,ZMIZ1,3,3,2,"[""35792388"", ""35793246"", ""36096450""]","[""GCST006988"", ""GCST006989"", ""GCST007082""]","[""30531825"", ""30595370""]",True
pigmentation,ZNF276,6,6,3,"[""103607411"", ""104178562"", ""104179895"", ""104180455"", ""104180855"", ""93413668""]","[""GCST90041837"", ""GCST90246327"", ""GCST90255681"", ""GCST90255688"", ""GCST90255689"", ""GCST90255690""]","[""34737426"", ""36536295"", ""36672889""]",True
pigmentation,ZNF778,4,3,2,"[""36097212"", ""93413500"", ""93413506"", ""93414162""]","[""GCST007082"", ""GCST90041837"", ""GCST90041839""]","[""30595370"", ""34737426""]",True
pigmentation,ZNF831,3,3,2,"[""35792452"", ""35793412"", ""36097501""]","[""GCST006988"", ""GCST006989"", ""GCST007082""]","[""30531825"", ""30595370""]",True
pigmentation,ZNG1A,4,4,3,"[""35792364"", ""35793251"", ""36096317"", ""61986465""]","[""GCST006988"", ""GCST006989"", ""GCST007082"", ""GCST010302""]","[""30531825"", ""30595370"", ""32341527""]",True
