section,group,source,target,value,unit
terms,pigmentation,returned_terms,pigmentation_strict,7,ontology IDs
terms,pigmentation,returned_terms,pigmentation_broad,4,ontology IDs
terms,hair,returned_terms,hair_strict,3,ontology IDs
terms,hair,returned_terms,hair_broad,6,ontology IDs
terms,,returned_terms,excluded_terms,62,ontology IDs
associations,pigmentation,retrieved,strict,2501,association IDs
associations,pigmentation,strict,sample_decision,2501,association IDs
associations,pigmentation,retrieved,broad,318,association IDs
associations,pigmentation,broad,sample_decision,318,association IDs
associations,pigmentation,sample_decision,eligible,2819,association IDs
associations,pigmentation,sample_decision,sample_excluded,0,association IDs
associations,pigmentation,eligible,mapped,2531,association IDs
associations,pigmentation,eligible,unmapped,288,association IDs
genes,pigmentation,distinct_names,paper_decision,1209,gene names
genes,pigmentation,paper_decision,retained,301,gene names
genes,pigmentation,paper_decision,removed,908,gene names
associations,hair,retrieved,strict,109,association IDs
associations,hair,strict,sample_decision,109,association IDs
associations,hair,retrieved,broad,109,association IDs
associations,hair,broad,sample_decision,109,association IDs
associations,hair,sample_decision,eligible,218,association IDs
associations,hair,sample_decision,sample_excluded,0,association IDs
associations,hair,eligible,mapped,215,association IDs
associations,hair,eligible,unmapped,3,association IDs
genes,hair,distinct_names,paper_decision,208,gene names
genes,hair,paper_decision,retained,33,gene names
genes,hair,paper_decision,removed,175,gene names
