"column","description"
"panel","Figure panel B contains both Euler diagrams; trait_group identifies pigmentation or hair."
"trait_group","Trait group used for gene selection and the Euler comparison."
"gene_symbol","Exact source gene name; aliases and case were not harmonized."
"euler_region","OMIM only, Shared (OMIM and retained GWAS), or GWAS only within this trait group."
"omim_cited_ids","Literature-cited OMIM IDs linked to this gene in this trait group."
"omim_resolved_ids","Current lookup IDs after resolving moved OMIM entries."
"omim_gene_mim_ids","Gene MIM identifiers returned by OMIM's gene mapping."
"omim_condition_names","Names returned by OMIM for the mapped entries; copied without reinterpretation."
"omim_source_traits","Trait/category labels from the source literature tables."
"omim_source_papers","Literature sources supplying the cited OMIM IDs."
"gwas_paper_count","Distinct nonempty PubMed IDs supporting the retained name in this trait group."
"gwas_pubmed_ids","PubMed identifiers for those papers."
"gwas_study_count","Distinct GWAS Catalog study accessions supporting the retained name."
"gwas_study_ids","GWAS Catalog study accessions."
"gwas_association_count","Distinct GWAS Catalog association IDs mapped to the retained name."
"gwas_ontology_ids","Selected mapped-term identifiers contributing associations for this gene."
"gwas_ontology_labels","Catalog labels for those selected mapped terms."
"gwas_reported_traits","Reported phenotype labels in the supporting associations."
"gwas_analysis_scopes","Strict/broad assignments after reported-phenotype overrides."
"omim_entry_urls","Full URLs constructed from the resolved OMIM IDs."
"gwas_paper_urls","Full PubMed URLs constructed from the paper identifiers."
"gwas_study_urls","Full Catalog URLs constructed from the study accessions."
